Date,Close,Open,High,Low,Volume
2017-01-03,633.89,627.65,634.18,627.58,41740.0
2017-01-04,632.7,632.8,635.39,630.46,47310.0
2017-01-05,634.83,633.61,635.33,632.46,45030.0
2017-01-06,636.34,634.56,640.74,634.26,58780.0
2017-01-09,638.4,636.82,640.02,636.82,47880.0
2017-01-10,639.36,639.0,640.86,638.61,37970.0
2017-01-11,643.39,639.56,643.39,639.52,43040.0
2017-01-12,642.25,644.53,645.14,641.71,55960.0
2017-01-13,640.07,642.21,643.85,640.07,38210.0
2017-01-16,632.7,639.59,640.52,632.7,31880.0
2017-01-17,637.54,633.42,637.54,633.42,45190.0
2017-01-18,633.1,637.09,638.72,633.1,38320.0
2017-01-19,631.0,632.31,634.0,630.48,28890.0
2017-01-20,634.28,632.17,636.39,632.17,31970.0
2017-01-23,635.42,634.81,637.14,634.81,31190.0
2017-01-24,639.32,635.31,640.18,635.31,32619.999999999996
2017-01-25,644.79,640.92,644.79,639.43,31170.0
2017-02-02,652.98,645.72,652.98,645.72,35200.0
2017-02-03,651.18,656.27,657.63,651.18,41520.0
2017-02-06,654.03,652.5,654.03,649.35,35400.0
2017-02-07,656.48,654.24,657.42,653.88,50070.0
2017-02-08,657.97,657.62,657.97,655.12,41560.0
2017-02-09,658.83,658.4,660.08,657.65,50150.0
2017-02-10,658.78,659.12,659.81,657.65,43520.0
2017-02-13,662.68,660.03,662.83,659.32,46710.0
2017-02-14,663.43,664.11,665.24,660.57,53470.0
2017-02-15,669.08,663.43,670.06,663.43,52680.0
2017-02-16,667.72,670.49,676.65,667.47,75920.0
2017-02-17,668.1,667.09,668.76,664.49,57270.0
2017-02-20,667.56,664.9,669.5,663.11,69310.0
2017-02-21,671.52,668.3,673.77,668.3,57990.0
2017-02-22,668.61,671.96,672.43,666.49,66150.0
2017-02-23,667.42,668.69,670.97,662.06,54390.0
2017-02-24,661.81,667.27,668.3,661.37,67860.0
2017-02-27,666.22,659.63,666.64,659.63,53160.0
2017-02-28,657.95,667.17,667.7,657.95,37910.0
2017-03-01,655.99,656.69,657.64,649.45,51820.0
2017-03-02,653.76,655.94,658.71,653.76,41820.0
2017-03-03,656.77,654.36,657.41,650.59,39680.0
2017-03-06,658.61,657.26,660.79,657.26,42180.0
2017-03-07,659.9,658.21,659.9,656.36,39890.0
2017-03-08,662.48,659.64,665.2,658.54,36990.0
2017-03-09,664.3,662.3,666.66,662.04,63380.0
2017-03-10,663.49,664.59,667.49,663.49,55050.0
2017-03-13,662.67,663.86,664.49,659.95,32860.0
2017-03-14,665.46,663.13,667.67,662.82,30190.0
2017-03-15,663.57,666.46,667.42,663.54,35480.0
2017-03-16,668.07,663.85,668.07,663.85,58020.0
2017-03-17,668.35,669.4,671.07,668.35,108030.0
2017-03-20,676.02,672.52,678.78,672.52,46720.0
2017-03-21,679.69,677.14,682.28,677.14,78370.0
2017-03-22,677.96,679.78,685.9,677.96,90740.0
2017-03-23,689.32,677.07,689.32,677.07,68420.0
2017-03-24,691.76,692.52,696.22,689.95,97400.0
2017-03-27,693.49,692.82,695.53,691.38,87540.0
2017-03-28,688.31,693.91,695.04,687.41,75180.0
2017-03-29,689.91,688.57,689.91,685.69,70110.0
2017-03-30,692.5,692.11,696.93,692.11,73330.0
2017-03-31,693.22,693.56,696.97,693.01,61350.0
2017-04-03,696.73,693.42,697.32,693.42,70070.0
2017-04-04,699.07,699.35,702.05,698.49,72180.0
2017-04-05,691.07,697.99,698.88,691.07,75790.0
2017-04-07,697.62,687.09,697.62,685.63,83400.0
2017-04-10,696.72,698.49,699.86,696.66,50580.0
2017-04-11,697.93,696.78,699.4,696.71,61690.0
2017-04-12,692.4,697.92,698.87,689.77,76990.0
2017-04-13,687.72,692.5,693.81,687.72,56770.0
2017-04-14,678.45,686.45,686.45,674.94,59120.0
2017-04-17,669.31,680.27,683.48,669.31,48710.0
2017-04-18,675.71,669.67,675.71,665.35,51820.0
2017-04-19,679.69,675.67,679.69,675.12,40460.0
2017-04-20,674.3,679.43,679.7,674.3,32409.999999999996
2017-04-21,672.6,676.35,677.83,671.95,31050.0
2017-04-24,667.08,671.8,673.13,667.08,35450.0
2017-04-25,668.58,667.96,670.32,665.66,28040.0
2017-04-26,673.53,669.12,673.53,667.96,36840.0
2017-04-27,681.36,673.67,682.41,673.67,47240.0
2017-04-28,680.49,678.59,683.14,677.21,61610.0
2017-05-03,684.99,681.7,684.99,680.95,51220.0
2017-05-04,686.29,684.8,688.75,683.44,66800.0
2017-05-05,684.17,684.95,687.41,684.09,45270.0
2017-05-08,681.11,683.15,684.17,681.06,59550.0
2017-05-09,688.08,680.42,688.08,680.34,74910.0
2017-05-10,690.53,689.07,695.66,689.07,58660.0
2017-05-11,691.02,692.13,693.19,689.69,49920.0
2017-05-12,690.84,691.46,693.85,690.29,45700.0
2017-05-15,695.22,691.33,696.86,691.33,51270.0
2017-05-16,692.91,695.86,698.67,692.91,71740.0
2017-05-17,696.37,692.95,697.47,691.06,44660.0
2017-05-18,695.3,693.93,701.28,693.92,57620.0
2017-05-19,702.03,696.66,702.03,695.53,60060.0
2017-05-22,710.86,707.27,715.28,706.84,85450.0
2017-05-23,708.62,711.96,713.7,708.11,63810.0
2017-05-24,718.28,710.81,719.59,710.27,66780.0
2017-05-25,716.4,718.42,722.06,715.78,69060.0
2017-05-26,718.87,716.24,719.36,716.07,52300.0
2017-05-29,722.26,723.27,725.2,721.92,67600.0
2017-05-30,711.48,722.82,723.54,711.48,70920.0
2017-05-31,713.43,712.02,719.32,709.73,55600.0
2017-06-01,719.76,713.63,719.76,713.63,41830.0
2017-06-02,718.33,720.39,720.75,715.7,43040.0
2017-06-05,721.74,719.05,724.35,719.05,51860.0
2017-06-06,732.69,722.59,732.69,722.59,69350.0
2017-06-07,737.18,736.17,739.51,734.95,66900.0
2017-06-08,737.52,737.75,740.25,734.03,55370.0
2017-06-09,740.2,738.47,743.9,738.47,56510.0
2017-06-12,736.86,740.65,742.0,735.26,45620.0
2017-06-13,741.39,737.03,741.39,734.53,48570.0
2017-06-14,745.53,744.42,748.04,743.67,67560.0
2017-06-15,746.59,746.87,750.71,744.58,63720.0
2017-06-16,750.07,751.5,751.5,748.08,96610.0
2017-06-19,757.5,754.03,757.5,753.36,65740.0
2017-06-20,759.67,759.73,761.04,756.77,58500.0
2017-06-21,759.84,758.49,759.84,749.47,69940.0
2017-06-22,757.94,759.65,761.62,757.13,57510.0
2017-06-23,758.24,757.44,758.98,752.69,49700.0
2017-06-26,760.8,759.9,762.27,757.98,48280.0
2017-06-27,755.07,761.96,761.96,754.23,65319.99999999999
2017-06-28,757.1,754.16,757.1,751.2,53180.0
2017-06-29,761.21,759.13,763.14,758.94,48070.0
2017-06-30,765.41,763.63,766.29,763.0,61310.0
2017-07-03,765.8,765.52,770.56,765.52,63170.0
2017-07-04,763.92,765.88,767.28,760.9,62770.0
2017-07-05,765.87,764.91,765.87,761.28,48990.0
2017-07-06,770.58,768.8,771.13,768.37,65780.0
2017-07-07,761.61,771.89,771.98,761.61,72860.0
2017-07-10,750.79,761.69,761.69,748.06,66980.0
2017-07-11,752.75,750.4,753.2,743.13,55320.0
2017-07-12,757.57,756.08,758.72,752.27,49810.0
2017-07-13,761.36,759.8,761.36,755.81,47470.0
2017-07-14,759.97,762.77,764.53,759.01,46730.0
2017-07-17,745.59,758.53,758.74,741.66,68030.0
2017-07-18,741.32,739.25,743.0,733.6,54150.0
2017-07-19,737.77,745.44,745.73,737.77,45710.0
2017-07-20,736.64,735.45,736.64,732.08,47890.0
2017-07-21,728.47,737.37,739.48,728.47,45320.0
2017-07-24,729.54,727.57,730.86,723.45,31950.0
2017-07-25,737.93,727.79,737.93,727.79,36620.0
2017-07-26,745.79,739.68,745.84,736.34,43750.0
2017-07-27,743.7,744.5,747.08,741.96,34690.0
2017-07-28,749.86,742.77,749.86,742.2,49470.0
2017-07-31,756.24,748.88,756.24,747.61,68480.0
2017-08-01,758.36,755.5,758.81,754.64,52340.0
2017-08-02,756.04,753.85,759.52,750.75,60070.0
2017-08-03,757.88,755.7,761.17,755.7,56570.0
2017-08-04,761.44,757.79,761.44,757.79,44280.0
2017-08-07,763.08,762.13,766.12,761.2,43390.0
2017-08-08,758.42,764.7,764.7,757.47,43870.0
2017-08-09,741.36,755.32,755.32,741.36,61760.0
2017-08-10,743.42,737.72,745.34,737.72,39800.0
2017-08-11,744.99,742.18,746.42,739.3,44930.0
2017-08-14,751.39,744.72,751.39,744.45,33530.0
2017-08-15,746.07,752.13,752.25,744.93,33670.0
2017-08-16,749.37,746.07,749.37,741.57,43680.0
2017-08-17,743.2,749.35,750.58,743.2,46160.0
2017-08-18,744.3,739.31,745.91,738.33,33250.0
2017-08-21,743.66,744.23,744.96,741.68,29390.0
2017-08-22,738.2,743.86,743.86,736.88,30050.0
2017-08-23,743.1,739.46,743.1,736.71,26210.0
2017-08-24,747.72,743.23,749.82,742.34,33630.0
2017-08-25,751.14,746.87,751.14,746.87,32780.0
2017-08-28,758.02,751.59,758.02,749.2,42760.0
2017-08-29,754.59,757.84,758.76,754.59,44550.0
2017-08-30,764.57,756.49,764.57,755.32,34230.0
2017-08-31,770.08,765.47,772.91,764.22,52330.0
2017-09-01,774.06,770.97,774.76,770.39,35510.0
2017-09-05,777.02,775.28,778.71,771.68,36890.0
2017-09-06,776.97,776.87,777.99,772.63,36720.0
2017-09-07,779.2,777.16,780.54,776.0,41320.0
2017-09-08,784.74,780.62,786.85,780.18,36360.0
2017-09-11,779.58,785.06,789.53,779.58,37680.0
2017-09-12,782.54,777.55,783.58,775.81,40950.0
2017-09-13,786.43,785.46,786.96,783.56,37970.0
2017-09-14,789.41,786.82,793.16,786.82,40610.0
2017-09-15,789.49,786.22,789.88,784.49,47590.0
2017-09-18,793.7,792.16,795.32,789.83,44590.0
2017-09-19,792.68,794.15,797.54,792.68,42240.0
2017-09-20,790.48,793.93,793.98,789.43,33850.0
2017-09-21,786.41,790.46,791.0,786.0,38420.0
2017-09-22,789.7,786.51,791.65,785.99,37750.0
2017-09-25,789.89,789.81,791.16,785.69,35490.0
2017-09-26,791.05,791.03,791.05,785.24,45390.0
2017-09-27,788.31,788.02,791.43,787.61,34120.0
2017-09-28,790.75,788.15,795.95,788.15,44990.0
2017-09-29,792.72,791.4,797.26,791.4,36410.0
2017-10-02,790.7,793.64,796.03,790.37,28270.0
2017-10-03,787.02,791.71,793.19,785.1,35760.0
2017-10-04,795.76,786.17,795.76,786.12,30910.0
2017-10-05,797.42,797.41,801.36,796.71,48800.0
2017-10-06,800.42,797.82,800.73,796.23,35230.0
2017-10-09,801.49,802.89,803.23,798.96,36340.0
2017-10-10,805.3,800.23,805.3,798.63,38310.0
2017-10-11,806.83,804.84,810.12,804.48,51020.0
2017-10-12,809.6,807.63,813.21,806.65,43690.0
2017-10-13,815.47,807.9,815.47,807.45,36090.0
2017-10-16,811.85,815.27,817.72,811.39,43240.0
2017-10-17,818.48,811.73,818.48,811.24,47570.0
2017-10-18,816.84,819.36,821.29,815.06,54130.0
2017-10-19,817.39,817.62,821.08,815.29,46210.0
2017-10-20,813.99,816.99,821.54,813.38,47720.0
2017-10-23,809.36,811.49,813.23,806.58,43370.0
2017-10-24,815.24,807.6,815.24,804.43,33010.0
2017-10-25,821.45,816.05,821.61,812.98,33410.0
2017-10-26,822.53,820.01,825.9,815.16,38750.0
2017-10-27,834.91,823.16,834.91,820.16,37050.0
2017-10-30,837.52,835.33,841.32,835.33,51100.0
2017-10-31,831.62,836.65,839.79,829.72,38090.0
2017-11-01,835.38,832.1,835.44,831.63,47550.0
2017-11-02,827.66,835.36,843.34,826.71,48550.0
2017-11-03,840.04,828.44,840.04,826.59,41460.0
2017-11-06,844.73,842.91,845.67,839.88,50110.0
2017-11-07,846.03,846.17,850.69,842.67,48620.0
2017-11-08,853.57,849.56,856.47,848.23,60190.0
2017-11-09,853.05,857.26,858.93,852.06,48700.0
2017-11-10,858.55,850.25,861.36,850.1,59480.0
2017-11-13,868.11,861.0,868.58,861.0,56420.0
2017-11-14,871.08,868.59,873.74,861.96,55710.0
2017-11-15,877.58,870.85,880.72,868.75,53390.0
2017-11-16,890.01,875.2,890.01,875.2,57890.0
2017-11-17,887.41,890.49,897.39,882.81,53200.0
2017-11-20,899.31,886.49,899.31,883.7,46450.0
2017-11-21,910.54,902.76,923.57,902.76,73810.0
2017-11-22,922.18,912.46,922.18,909.95,71920.0
2017-11-23,922.92,926.83,933.45,916.61,68970.0
2017-11-24,926.21,920.32,928.41,914.95,57990.0
2017-11-27,930.9,923.8,939.36,923.0,61670.0
2017-11-28,935.74,931.21,935.97,926.12,54900.0
2017-11-29,946.55,938.18,946.55,934.64,67070.0
2017-11-30,943.05,951.06,955.17,943.05,70830.0
2017-12-01,952.46,943.08,953.22,943.08,49060.0
2017-12-04,966.44,954.31,968.53,954.31,76810.0
2017-12-05,944.07,968.58,970.35,944.07,80810.0
2017-12-06,939.06,940.82,941.32,919.99,75800.0
2017-12-07,928.74,942.07,945.52,923.23,50050.0
2017-12-08,930.25,928.32,935.51,920.97,43800.0
2017-12-11,908.29,928.39,928.39,908.29,49030.0
2017-12-12,914.82,919.04,922.24,883.52,73930.0
2017-12-13,913.33,919.58,920.38,911.01,39790.0
2017-12-14,928.21,913.3,928.21,913.3,34120.0
2017-12-15,926.7,925.65,933.09,925.2,61770.0
2017-12-18,950.81,937.81,950.81,937.64,52510.0
2017-12-19,947.62,955.99,959.33,947.24,55560.0
2017-12-20,948.78,947.51,954.96,942.07,52770.0
2017-12-21,936.53,944.9,953.26,936.53,50100.0
2017-12-22,945.88,939.48,946.01,937.75,49830.0
2017-12-25,949.28,947.06,950.64,944.77,34740.0
2017-12-26,955.73,951.27,955.81,948.68,43580.0
2017-12-27,958.02,957.76,962.33,955.14,65129.99999999999
2017-12-28,966.91,960.38,968.4,957.19,54600.0
2017-12-29,975.52,968.28,980.47,967.2,65830.0
2018-01-02,992.72,977.2,992.72,975.49,74430.0
2018-01-03,1004.66,996.23,1011.84,995.74,86290.0
2018-01-04,1014.15,1007.6,1014.17,1006.96,91540.0
2018-01-05,1007.73,1014.42,1014.42,1005.1,86910.0
2018-01-08,1023.5,1006.25,1023.5,1000.29,107210.0
2018-01-09,1039.64,1028.05,1040.58,1019.52,121150.0
2018-01-10,1039.7,1040.61,1047.59,1033.54,143070.0
2018-01-11,1047.2,1039.7,1050.23,1031.43,92980.0
2018-01-12,1049.86,1050.08,1058.2,1044.85,125710.0
2018-01-15,1063.11,1050.35,1063.11,1042.64,105740.0
2018-01-16,1061.78,1056.95,1063.46,1047.9,117060.0
2018-01-17,1030.0,1060.36,1061.49,1030.0,109080.0
2018-01-18,1048.56,1028.39,1048.56,1013.11,105770.0
2018-01-19,1053.47,1050.01,1062.13,1046.92,113280.0
2018-01-22,1082.71,1059.2,1084.09,1059.19,91780.0
2018-01-23,1082.71,1059.2,1084.09,1059.19,91780.0
2018-01-25,1095.52,1093.49,1109.98,1088.69,174650.0
2018-01-26,1104.42,1096.09,1112.59,1088.0,94380.0
2018-01-29,1096.78,1108.98,1118.08,1095.75,108390.0
2018-01-30,1099.16,1087.57,1099.16,1078.98,105160.0
2018-01-31,1095.9,1097.38,1113.37,1094.77,104400.0
2018-02-01,1086.9,1098.3,1098.3,1076.09,84200.0
2018-02-02,1090.4,1087.24,1090.4,1075.65,66560.0
2018-02-05,1035.02,1081.7,1081.7,1035.02,92450.0
2018-02-06,1007.72,1013.7,1015.56,969.01,144850.0
2018-02-07,1030.91,1034.76,1040.23,1025.3,64849.99999999999
2018-02-08,1013.56,1024.13,1031.98,1013.56,45310.0
2018-02-09,996.77,983.6,996.77,966.78,64739.99999999999
2018-02-12,1034.76,1001.7,1034.76,1001.7,56580.0
2018-02-13,1054.09,1043.44,1055.86,1043.44,52960.0
2018-02-21,1075.47,1064.55,1081.82,1063.73,74170.0
2018-02-22,1064.28,1068.84,1078.48,1063.46,85110.0
2018-02-23,1089.96,1073.56,1089.96,1068.75,85270.0
2018-02-26,1099.71,1101.66,1113.01,1099.71,97630.0
2018-02-27,1106.09,1108.87,1110.11,1094.17,76580.0
2018-02-28,1108.23,1096.3,1113.59,1095.98,102130.0
2018-03-01,1105.84,1106.03,1116.79,1098.51,94020.0
2018-03-02,1106.92,1095.31,1109.51,1092.18,73540.0
2018-03-05,1080.83,1113.71,1116.8,1080.83,105070.0
2018-03-06,1103.31,1091.98,1103.31,1075.78,74500.0
2018-03-07,1092.17,1102.85,1106.89,1084.53,71110.0
2018-03-08,1105.03,1092.29,1109.29,1091.7,48220.0
2018-03-09,1106.54,1107.83,1117.9,1102.07,65730.0
2018-03-12,1106.97,1106.54,1116.38,1104.85,73670.0
2018-03-13,1111.38,1106.97,1112.98,1098.58,77320.0
2018-03-14,1115.0,1111.58,1121.74,1111.58,84860.0
2018-03-15,1110.26,1114.89,1114.9,1105.26,72270.0
2018-03-16,1112.93,1112.44,1118.36,1109.85,108040.0
2018-03-19,1130.26,1117.13,1134.75,1117.13,72810.0
2018-03-20,1134.19,1130.09,1139.23,1126.0,69640.0
2018-03-21,1147.26,1134.79,1148.64,1134.79,77060.0
2018-03-22,1144.58,1147.9,1159.37,1144.44,71820.0
2018-03-23,1128.93,1144.18,1144.18,1113.7,95730.0
2018-03-26,1146.73,1129.05,1151.32,1123.9,69780.0
2018-03-27,1150.3,1146.86,1162.35,1146.86,60430.0
2018-03-28,1151.09,1150.33,1158.75,1144.71,41770.0
2018-03-29,1144.74,1151.65,1155.65,1141.65,39960.0
2018-03-30,1153.08,1144.74,1154.59,1136.2,49200.0
2018-04-02,1171.21,1153.11,1174.13,1153.11,64580.0
2018-04-03,1160.97,1171.89,1173.18,1156.91,73020.0
2018-04-04,1165.75,1161.24,1176.22,1161.24,59710.0
2018-04-05,1169.12,1165.75,1175.64,1163.76,49970.0
2018-04-06,1174.37,1169.12,1180.6,1169.12,74390.0
2018-04-09,1177.68,1174.02,1181.58,1169.56,79980.0
2018-04-10,1168.06,1177.68,1185.06,1161.71,77680.0
2018-04-11,1137.2,1168.41,1172.44,1137.2,87630.0
2018-04-12,1143.5,1136.76,1143.5,1121.47,63710.0
2018-04-13,1134.21,1146.67,1153.95,1131.61,64879.99999999999
2018-04-16,1128.03,1133.0,1136.8,1122.26,49040.0
2018-04-17,1130.32,1128.11,1136.17,1119.7,47630.0
2018-04-18,1115.7,1131.56,1136.98,1115.18,45880.0
2018-04-19,1066.09,1114.98,1115.0,1066.09,75220.0
2018-04-20,1089.45,1066.33,1089.62,1047.71,56320.0
2018-04-23,1055.37,1091.18,1098.58,1055.37,67290.0
2018-04-24,1053.99,1055.24,1060.92,1027.74,67320.0
2018-04-26,1018.97,1055.95,1057.2,1011.51,78320.0
2018-04-27,1027.97,1018.06,1029.36,1007.39,60640.0
2018-05-02,1012.84,1029.76,1033.2,1009.98,57650.0
2018-05-03,1010.35,1011.83,1012.12,989.0,74960.0
2018-05-04,1010.89,1012.44,1023.16,1006.99,46200.0
2018-05-07,1048.03,1010.99,1048.03,1010.99,52320.0
2018-05-08,1047.83,1047.88,1059.68,1042.59,53710.0
2018-05-09,1046.39,1047.83,1058.09,1037.1,41450.0
2018-05-10,1019.69,1046.9,1047.5,1009.79,59660.0
2018-05-11,1030.79,1019.69,1031.77,1003.47,55930.0
2018-05-14,1051.45,1031.18,1051.45,1029.92,43660.0
2018-05-15,1055.49,1055.82,1067.61,1052.16,47150.0
2018-05-16,1034.3,1055.31,1055.31,1031.33,39850.0
2018-05-17,1007.09,1034.2,1035.45,1007.09,42810.0
2018-05-18,1022.21,1007.05,1023.23,989.2,46160.0
2018-05-21,997.21,1023.28,1027.85,997.21,40480.0
2018-05-22,958.95,996.19,996.19,947.7,64670.0
2018-05-23,968.54,957.72,973.07,945.01,52820.0
2018-05-24,960.55,968.93,974.17,951.17,44000.0
2018-05-25,936.32,958.74,960.57,936.32,49220.0
2018-05-28,898.0,932.0,932.0,894.31,73640.0
2018-05-29,924.9,897.13,932.82,881.91,64470.0
2018-05-30,918.64,924.9,925.18,902.0,53180.0
2018-05-31,947.31,917.94,950.49,914.57,67380.0
2018-06-01,969.15,949.13,970.81,948.69,68490.0
2018-06-04,996.67,970.81,997.0,970.81,59530.0
2018-06-05,1007.32,996.67,1008.83,996.15,65890.0
2018-06-06,1022.72,1007.51,1023.38,995.29,60800.0
2018-06-07,1026.75,1023.95,1034.72,1020.77,60340.0
2018-06-08,1025.87,1026.76,1028.42,1017.9,46070.0
2018-06-11,1024.85,1025.71,1034.85,1016.22,49970.0
2018-06-12,1008.76,1021.02,1021.02,989.53,79030.0
2018-06-13,1018.59,1008.32,1019.32,1005.58,34760.0
2018-06-14,1004.31,1018.07,1022.95,1004.31,43470.0
2018-06-15,1005.04,1004.14,1005.71,994.38,55840.0
2018-06-18,970.35,1004.97,1006.58,970.35,51490.0
2018-06-19,945.11,970.06,970.06,919.09,87420.0
2018-06-20,966.86,945.3,966.86,936.83,39850.0
2018-06-21,955.75,966.91,966.91,950.06,30310.0
2018-06-22,973.05,954.7,974.42,945.59,39420.0
2018-06-25,982.09,973.45,989.18,973.45,34370.0
2018-06-26,973.9,981.97,981.97,959.29,24310.0
2018-06-27,961.29,973.89,976.93,961.29,31800.0
2018-06-28,947.03,962.93,967.28,943.12,47410.0
2018-06-29,947.55,947.03,951.74,939.7,35640.0
2018-07-02,930.12,945.94,945.94,917.8,54620.0
2018-07-03,891.97,930.12,931.12,891.97,67910.0
2018-07-04,900.89,892.01,901.64,880.37,44420.0
2018-07-05,883.77,901.25,905.51,875.17,44760.0
2018-07-06,905.62,880.17,910.14,870.34,58310.0
2018-07-09,898.73,905.97,916.84,896.79,40290.0
2018-07-10,897.96,898.09,906.25,897.96,33120.0
2018-07-11,881.14,894.16,894.16,871.22,53410.0
2018-07-12,883.87,877.68,893.15,870.53,33200.0
2018-07-13,899.45,886.17,902.14,886.17,38300.0
2018-07-16,904.18,901.68,910.82,897.03,36480.0
2018-07-17,915.53,903.87,915.53,892.39,44270.0
2018-07-18,935.42,915.69,935.42,915.23,54820.0
2018-07-19,941.09,935.54,946.39,934.2,47890.0
2018-07-20,926.5,941.09,941.41,926.5,56210.0
2018-07-23,931.31,927.01,945.13,926.56,64550.0
2018-07-24,923.53,931.2,932.83,916.19,52020.0
2018-07-25,915.68,923.55,931.55,915.68,46050.0
2018-07-26,921.33,915.7,921.33,907.6,45650.0
2018-07-27,927.19,923.02,930.57,918.37,42560.0
2018-07-30,939.6,927.36,940.25,927.36,49710.0
2018-07-31,944.38,938.73,948.38,934.39,60280.0
2018-08-01,939.31,944.31,947.08,935.63,46100.0
2018-08-02,937.86,939.85,939.85,924.38,51680.0
2018-08-03,941.12,938.51,949.93,938.51,43960.0
2018-08-06,939.84,941.13,943.98,935.75,40730.0
2018-08-07,936.92,939.81,941.63,933.77,41890.0
2018-08-08,945.89,937.69,946.07,937.58,42900.0
2018-08-09,943.91,945.78,954.38,942.83,60490.0
2018-08-10,948.32,942.85,948.69,936.44,42920.0
2018-08-13,960.02,946.75,960.02,941.95,82540.0
2018-08-14,965.6,960.29,968.62,959.23,57360.0
2018-08-15,947.82,965.61,969.8,947.78,62330.0
2018-08-16,950.18,946.91,950.18,932.27,63720.0
2018-08-17,949.23,950.18,959.39,949.23,45070.0
2018-08-20,945.65,949.23,952.16,942.33,55600.0
2018-08-21,955.27,946.55,955.27,944.88,47810.0
2018-08-22,959.63,956.0,963.17,956.0,50600.0
2018-08-23,960.94,960.09,963.91,957.98,42650.0
2018-08-24,960.42,960.22,963.09,955.16,56890.0
2018-08-27,966.55,960.43,969.97,960.43,64180.00000000001
2018-08-28,971.01,966.34,972.4,966.34,60470.0
2018-08-29,964.99,971.12,972.32,964.0,44590.0
2018-08-30,975.43,964.99,975.43,960.86,54010.0
2018-08-31,969.23,975.48,979.11,969.23,59640.0
2018-09-04,951.14,969.23,971.3,951.14,51820.0
2018-09-05,941.0,951.09,953.37,938.53,53500.0
2018-09-06,932.12,941.0,944.73,931.99,45110.0
2018-09-07,945.59,932.1,945.59,931.19,46810.0
2018-09-10,943.31,945.04,948.31,942.68,50010.0
2018-09-11,958.91,943.67,959.09,940.78,47920.0
2018-09-12,958.67,959.2,967.78,958.67,55990.0
2018-09-13,957.17,958.63,963.72,955.64,48960.0
2018-09-14,960.33,958.01,965.23,958.01,57050.0
2018-09-17,953.79,960.33,960.94,951.38,43730.0
2018-09-18,959.75,953.45,959.75,945.93,58890.0
2018-09-19,962.7,960.01,969.34,960.01,66980.0
2018-09-20,971.18,962.7,971.48,962.26,56330.0
2018-09-21,974.43,971.12,978.77,968.73,117100.0
2018-09-24,985.59,974.47,986.3,974.47,55250.0
2018-09-25,985.11,985.57,988.23,980.44,53100.0
2018-09-26,984.39,985.26,989.54,980.8,60310.0
2018-09-27,989.45,985.28,992.1,984.15,51370.0
2018-09-28,994.73,989.98,996.6,989.98,89440.0
2018-10-01,990.41,994.76,1001.14,990.0,81260.0
2018-10-02,987.88,990.26,992.77,984.54,66200.0
2018-10-03,990.6,987.46,992.87,986.16,57100.0
2018-10-04,993.61,990.49,993.78,989.06,74040.0
2018-10-05,980.75,993.61,993.61,980.75,74560.0
2018-10-08,970.28,979.27,979.27,968.61,71310.0
2018-10-09,967.37,970.21,974.29,966.68,63820.0
2018-10-10,966.27,967.37,970.51,961.7,63520.0
2018-10-11,920.02,959.12,959.12,911.69,136880.0
2018-10-12,943.49,918.83,943.73,908.74,78660.0
2018-10-15,928.55,943.51,943.62,927.6,41830.0
2018-10-16,939.41,928.46,939.41,926.96,42660.0
2018-10-17,945.91,940.29,949.41,940.29,51480.0
2018-10-18,937.54,945.92,945.92,936.22,45080.0
2018-10-19,931.69,937.47,937.47,920.28,47140.0
2018-10-22,922.75,931.66,938.02,922.75,41150.0
2018-10-23,908.0,919.49,919.49,893.34,72790.0
2018-10-24,896.5,908.0,909.4,896.5,48110.0
2018-10-25,888.86,896.39,896.39,860.13,56980.0
2018-10-26,881.06,890.71,897.48,881.06,45670.0
2018-10-29,874.43,881.06,881.87,870.36,41650.0
2018-10-30,874.06,872.69,881.83,868.29,37880.0
2018-10-31,901.57,874.06,901.93,874.06,60480.0
2018-11-01,887.72,901.57,901.57,885.58,39450.0
2018-11-02,903.43,889.81,905.65,889.81,55630.0
2018-11-05,904.83,903.24,904.83,894.88,33820.0
2018-11-06,899.61,905.34,909.19,899.61,37080.0
2018-11-07,899.25,900.47,903.15,892.79,45540.0
2018-11-08,900.4,901.42,909.69,899.65,31120.0
2018-11-09,885.65,900.4,900.4,885.65,38610.0
2018-11-12,888.2,883.49,889.06,875.29,33820.0
2018-11-13,873.87,888.2,888.2,873.87,39560.0
2018-11-14,871.55,873.87,880.65,868.63,46150.0
2018-11-15,864.98,871.55,874.87,859.86,42380.0
2018-11-16,869.24,865.03,874.94,863.89,40660.0
2018-11-19,888.76,869.24,888.76,869.24,39850.0
2018-11-20,893.09,886.36,893.09,883.8,43540.0
2018-11-21,897.1,888.54,897.1,880.83,38920.0
2018-11-22,898.9,897.28,900.77,896.18,39230.0
2018-11-23,890.62,898.05,899.37,889.78,37260.0
2018-11-26,895.05,889.88,896.12,886.76,25040.0
2018-11-27,895.3,895.07,903.78,893.96,32750.0
2018-11-28,901.4,894.66,901.4,894.27,29500.0
2018-11-29,897.58,901.48,910.48,897.58,40280.0
2018-11-30,894.79,897.48,898.69,890.41,54630.0
2018-12-03,921.72,896.5,921.72,896.5,63630.0
2018-12-04,927.46,921.74,929.33,920.2,52510.0
2018-12-05,925.68,927.39,928.9,915.9,61080.0
2018-12-06,922.86,925.58,928.64,916.63,55210.0
2018-12-07,929.59,923.9,933.29,923.9,51430.0
2018-12-10,922.82,928.96,928.96,921.59,48780.0
2018-12-11,922.34,922.58,925.43,915.68,43570.0
2018-12-12,927.7,922.43,927.7,922.41,37560.0
2018-12-13,928.9,928.21,935.33,927.92,46590.0
2018-12-14,918.79,928.84,928.84,918.19,48410.0
2018-12-17,901.41,914.97,914.97,901.33,47290.0
2018-12-18,890.68,901.31,901.31,881.76,52310.0
2018-12-19,882.79,890.78,891.69,877.63,52150.0
2018-12-20,877.03,880.4,883.76,876.15,38050.0
2018-12-21,873.09,877.02,877.02,866.09,45670.0
2018-12-24,873.64,873.14,879.74,872.99,31110.0
2018-12-25,865.69,873.56,873.56,850.33,51480.0
2018-12-26,861.02,865.69,867.88,860.52,32710.0
2018-12-27,865.45,861.53,872.73,861.53,35750.0
2018-12-28,854.99,866.04,868.62,854.99,38260.0
2019-01-02,855.66,854.99,864.64,852.79,34100.0
2019-01-03,838.79,855.66,856.21,834.81,50050.0
2019-01-04,840.17,838.79,842.05,821.83,37440.0
2019-01-07,851.41,840.17,858.69,840.17,30670.0
2019-01-08,845.43,851.2,852.92,841.86,27920.0
2019-01-09,855.51,845.53,856.87,845.25,37200.0
2019-01-10,857.95,855.39,859.93,852.96,32830.0
2019-01-11,860.3,857.84,862.88,857.67,34660.0
2019-01-14,859.42,860.4,860.4,854.71,32409.999999999996
2019-01-15,865.1,859.42,865.26,856.04,33590.0
2019-01-16,864.29,865.0,868.41,861.18,33030.0
2019-01-17,853.34,864.15,864.15,853.34,31740.0
2019-01-18,854.79,853.34,859.95,853.34,28300.0
2019-01-21,864.1,855.0,865.59,855.0,46180.0
2019-01-22,859.17,864.1,865.92,859.09,36100.0
2019-01-23,861.73,859.26,864.83,856.77,35620.0
2019-01-24,865.52,861.63,866.49,861.04,35100.0
2019-01-25,867.7,865.44,869.53,865.44,34850.0
2019-01-28,868.76,867.6,871.56,865.9,24720.0
2019-01-29,872.03,868.81,872.03,863.22,30050.0
2019-01-30,869.16,872.01,872.01,867.92,33260.0
2019-01-31,866.06,869.38,874.09,863.85,46950.0
2019-02-01,859.81,866.01,868.15,859.38,41900.0
2019-02-11,878.67,862.2,878.67,862.2,39940.0
2019-02-12,888.33,878.69,890.16,878.68,62160.0
2019-02-13,897.42,888.33,897.42,887.6,65640.0
2019-02-14,900.12,897.42,904.11,897.3,50280.0
2019-02-15,897.74,900.14,903.11,895.13,50970.0
2019-02-18,904.93,899.75,904.93,899.74,51220.0
2019-02-19,907.82,905.09,915.31,905.09,78090.0
2019-02-20,911.8,907.82,913.51,906.64,53100.0
2019-02-21,926.09,912.83,926.09,911.38,63250.0
2019-02-22,929.5,926.3,934.65,920.78,74940.0
2019-02-25,939.47,929.57,944.01,929.57,68470.0
2019-02-26,929.51,939.56,941.45,922.93,58440.0
2019-02-27,930.54,929.51,935.76,928.59,54960.0
2019-02-28,904.98,930.37,930.81,904.98,71560.0
2019-03-01,915.32,904.96,915.99,904.96,39640.0
2019-03-04,928.42,915.39,929.28,915.39,51480.0
2019-03-05,923.66,928.25,931.23,922.05,56230.0
2019-03-06,923.58,923.66,926.32,916.89,36430.0
2019-03-07,922.29,923.77,930.79,922.29,51390.0
2019-03-08,914.74,922.16,922.16,913.39,41840.0
2019-03-11,916.24,915.0,918.73,911.88,32009.999999999996
2019-03-12,929.86,919.21,929.86,919.21,59910.0
2019-03-13,935.41,929.86,939.17,929.86,72240.0
2019-03-14,934.42,935.41,937.82,931.33,51530.0
2019-03-15,927.06,934.87,934.87,924.45,72930.0
2019-03-18,932.75,927.16,935.16,926.85,61800.0
2019-03-19,927.56,933.56,935.67,924.91,56480.0
2019-03-20,924.12,927.54,927.54,914.77,59410.0
2019-03-21,907.87,924.22,928.32,907.87,53920.0
2019-03-22,912.27,907.94,914.69,906.64,46660.0
2019-03-25,893.4,912.1,912.1,889.17,53510.0
2019-03-26,894.58,893.78,901.81,892.47,38010.0
2019-03-27,901.76,895.71,903.35,895.71,32700.000000000004
2019-03-28,901.65,901.51,903.88,898.17,31100.0
2019-03-29,900.13,901.65,906.84,900.13,45010.0
2019-04-01,905.87,900.17,905.94,900.17,40150.0
2019-04-02,903.59,907.18,912.94,902.43,35220.0
2019-04-03,901.5,903.59,903.59,897.47,34510.0
2019-04-04,904.33,901.5,906.29,900.97,32080.0
2019-04-05,904.69,904.33,905.76,902.77,30170.0
2019-04-08,906.55,904.92,907.2,900.97,33280.0
2019-04-09,900.07,906.46,908.94,898.8,42510.0
2019-04-10,893.19,899.91,899.91,887.75,34640.0
2019-04-11,896.04,893.6,896.68,892.62,24750.0
2019-04-12,893.1,895.95,895.95,891.71,27810.0
2019-04-16,887.76,890.81,890.81,877.38,36540.0
2019-04-17,885.66,886.65,891.78,885.64,34640.0
2019-04-18,877.02,884.29,887.48,876.2,39360.0
2019-04-19,880.52,877.07,884.77,877.07,26150.0
2019-04-22,878.23,880.9,880.9,873.55,34290.0
2019-04-23,878.29,878.38,881.67,875.05,37900.0
2019-04-24,888.65,877.97,889.02,877.97,35010.0
2019-04-25,885.65,888.57,888.91,883.72,29180.0
2019-04-26,890.55,885.47,890.69,882.58,34570.0
2019-05-02,893.87,890.6,893.89,889.61,36440.0
2019-05-03,895.42,893.8,895.7,889.2,47860.0
2019-05-06,878.8,893.83,893.83,875.71,41220.0
2019-05-07,877.02,880.06,885.23,876.18,36430.0
2019-05-08,872.78,872.22,874.89,867.18,38550.0
2019-05-09,871.5,872.71,875.89,868.73,39320.0
2019-05-10,876.45,871.28,877.59,871.28,34860.0
2019-05-13,879.64,876.16,879.64,874.68,37920.0
2019-05-14,882.67,879.14,882.67,871.96,39070.0
2019-05-15,893.22,882.99,893.68,882.99,46180.0
2019-05-16,891.93,893.7,896.34,891.93,39250.0
2019-05-17,890.53,892.93,893.44,888.56,40030.0
2019-05-20,901.06,890.16,901.06,888.12,42540.0
2019-05-21,901.36,901.79,907.64,900.97,43010.0
2019-05-22,897.66,901.49,906.99,897.27,43390.0
2019-05-23,895.07,897.66,899.02,892.08,30510.0
2019-05-24,884.48,894.22,898.24,884.48,44870.0
2019-05-27,889.2,884.29,889.45,883.95,29660.0
2019-05-28,885.27,888.8,891.61,883.53,30930.0
2019-05-29,883.52,886.12,886.98,882.0,33830.0
2019-05-30,883.37,883.51,888.68,879.58,29870.0
2019-05-31,876.29,883.39,884.75,875.77,34300.0
2019-06-03,864.08,875.64,875.64,858.64,51470.0
2019-06-04,864.35,864.27,868.67,857.94,32530.0
2019-06-05,863.69,866.79,871.91,863.69,27110.0
2019-06-06,861.31,863.81,865.16,851.47,38240.0
2019-06-07,869.56,860.64,869.56,860.64,33450.0
2019-06-10,872.49,869.68,877.45,866.79,44470.0
2019-06-11,870.91,872.49,874.32,870.0,29460.0
2019-06-12,865.42,870.48,871.64,865.42,32450.000000000004
2019-06-13,859.68,865.29,865.29,857.72,32320.0
2019-06-14,861.65,859.53,864.29,859.08,34400.0
2019-06-17,852.99,861.37,862.36,851.14,40070.0
2019-06-18,848.17,852.62,853.95,845.4,43000.0
2019-06-19,854.34,850.34,854.81,850.34,39850.0
2019-06-20,864.59,854.9,867.91,853.96,53360.0
2019-06-21,866.53,864.59,870.35,864.44,72300.0
2019-06-24,868.94,866.63,873.33,866.63,40700.0
2019-06-25,868.5,867.73,870.37,866.25,38480.0
2019-06-26,866.81,868.16,870.52,865.67,41570.0
2019-06-27,854.41,866.84,867.08,854.41,44970.0
2019-06-28,864.24,854.49,864.24,847.77,43760.0
2019-07-01,876.26,864.24,876.39,864.24,49230.0
2019-07-02,872.92,876.27,877.08,870.71,38740.0
2019-07-03,869.58,872.92,872.92,865.59,42590.0
2019-07-04,879.72,869.58,879.72,869.58,49310.0
2019-07-05,880.23,879.49,882.19,876.28,41270.0
2019-07-08,870.92,878.96,878.96,867.35,44400.0
2019-07-09,872.21,871.19,872.52,866.32,41060.0
2019-07-10,876.12,872.21,878.32,872.2,41860.0
2019-07-11,879.1,876.12,880.88,876.12,39210.0
2019-07-12,874.99,880.06,883.15,874.56,46830.0
2019-07-15,873.71,875.28,876.82,870.84,42050.0
2019-07-16,880.91,873.74,880.91,873.74,48670.0
2019-07-17,879.75,880.69,882.85,877.59,59850.0
2019-07-18,870.81,879.66,879.66,870.81,44970.0
2019-07-19,880.79,870.97,881.16,870.97,63930.0
2019-07-22,879.62,880.49,885.42,878.39,48840.0
2019-07-23,888.26,879.42,889.04,878.22,48220.0
2019-07-24,887.39,888.63,892.81,885.66,46410.0
2019-07-25,890.41,887.43,892.31,885.19,54560.0
2019-07-26,887.84,890.44,891.9,886.09,45310.0
2019-07-29,888.54,887.96,889.97,880.92,44920.0
2019-07-30,877.92,888.7,892.38,877.92,44930.0
2019-07-31,883.19,877.8,885.86,874.39,43400.0
2019-08-01,887.39,884.29,887.39,881.52,41760.0
2019-08-02,885.29,887.06,887.06,877.76,54740.0
2019-08-05,872.39,883.34,884.09,872.39,53470.0
2019-08-06,866.13,870.82,870.82,858.02,52910.0
2019-08-07,868.27,866.13,872.05,863.57,40020.0
2019-08-08,875.81,868.2,877.32,866.69,58880.0
2019-08-09,878.62,875.81,880.29,874.51,46670.0
2019-08-12,882.23,878.56,883.41,877.33,44750.0
2019-08-13,877.97,882.23,882.23,875.32,59070.0
2019-08-14,880.51,880.04,886.8,880.04,44300.0
2019-08-15,890.78,874.42,890.78,867.95,50400.0
2019-08-16,892.44,890.39,900.31,886.87,70250.0
2019-08-19,891.78,892.32,897.03,889.34,39310.0
2019-08-20,894.45,891.73,894.86,890.96,41240.0
2019-08-21,900.54,894.45,901.25,892.05,56160.0
2019-08-22,901.29,901.28,904.41,899.58,46930.0
2019-08-23,900.53,901.53,902.5,896.87,49590.0
2019-08-26,892.48,899.1,899.1,887.05,65310.0
2019-08-27,886.91,892.48,899.29,886.91,59290.0
2019-08-28,886.08,886.82,890.58,885.23,41620.0
2019-08-29,889.13,886.04,889.13,882.14,42610.0
2019-08-30,892.51,888.94,893.57,888.83,40840.0
2019-09-03,888.97,892.83,894.11,886.02,45770.0
2019-09-04,887.12,888.95,890.31,883.91,41240.0
2019-09-05,886.1,887.21,891.43,886.1,42080.0
2019-09-06,885.95,885.93,889.49,884.9,40540.0
2019-09-09,885.61,885.95,887.01,883.43,37160.0
2019-09-10,883.04,885.84,888.57,881.04,46270.0
2019-09-11,885.52,882.9,886.12,881.34,34850.0
2019-09-12,894.32,886.12,894.32,886.12,48190.0
2019-09-13,905.05,894.21,905.31,893.8,67620.0
2019-09-16,908.6,905.0,909.7,902.82,52500.0
2019-09-17,912.38,908.6,912.89,904.36,49770.0
2019-09-18,913.48,912.42,915.09,911.08,64920.0
2019-09-19,918.88,913.4,918.88,909.88,57540.0
2019-09-20,915.16,918.88,920.77,914.55,72090.0
2019-09-23,909.98,914.73,918.42,909.98,63690.0
2019-09-24,910.76,909.98,914.02,908.03,50420.0
2019-09-25,912.42,910.57,913.33,906.6,51190.0
2019-09-26,918.1,912.91,918.1,911.57,61820.0
2019-09-27,924.83,918.1,925.58,917.72,64120.00000000001
2019-09-30,922.89,924.83,930.88,922.62,63290.0
2019-10-01,926.31,922.87,926.31,921.69,59810.0
2019-10-02,919.73,926.44,927.43,917.68,69140.0
2019-10-03,921.7,919.63,921.7,911.6,63660.0
2019-10-04,915.16,921.7,924.36,915.16,62010.0
2019-10-07,907.5,915.62,917.36,907.5,60840.0
2019-10-08,915.27,907.06,915.34,906.88,65239.99999999999
2019-10-09,914.54,915.38,917.9,912.48,62570.0
2019-10-10,913.05,914.59,917.08,912.2,54840.0
2019-10-11,916.68,913.05,917.14,912.94,61850.0
2019-10-14,921.91,916.81,924.69,916.81,81660.0
2019-10-15,923.27,921.95,924.79,920.63,55000.0
2019-10-16,924.64,923.26,927.91,923.26,55090.0
2019-10-17,919.1,924.53,924.79,919.1,65010.00000000001
2019-10-18,919.13,919.92,922.62,916.87,57610.0
2019-10-21,914.0,918.02,918.81,913.94,63510.0
2019-10-22,916.81,914.04,917.61,912.7,59080.0
2019-10-23,919.61,916.81,919.61,915.87,55200.0
2019-10-24,925.25,919.54,925.25,919.17,59250.0
2019-10-25,927.05,925.49,927.05,923.56,56300.0
2019-10-28,925.97,927.96,929.93,925.8,60010.0
2019-10-29,923.97,925.67,928.38,923.97,59000.0
2019-10-30,925.07,923.98,928.85,922.67,56670.0
2019-10-31,922.68,925.02,928.88,922.06,63150.0
2019-11-01,933.55,922.46,934.21,922.46,76840.0
2019-11-04,940.25,933.96,941.46,932.31,87340.0
2019-11-05,942.34,940.53,944.62,938.73,71490.0
2019-11-06,942.38,942.4,945.43,940.76,75020.0
2019-11-07,944.25,942.38,945.26,940.23,76230.0
2019-11-08,944.7,944.28,948.37,942.19,74210.0
2019-11-11,939.72,944.72,946.55,938.78,80100.0
2019-11-12,939.82,939.72,942.55,937.95,66250.0
2019-11-13,932.6,939.82,941.13,930.84,76760.0
2019-11-14,928.44,932.45,935.72,927.14,78620.0
2019-11-15,927.36,928.82,930.84,922.59,66130.0
2019-11-18,920.95,927.49,929.18,920.52,69840.0
2019-11-19,926.07,921.0,926.07,919.95,63690.0
2019-11-20,917.0,925.94,926.67,917.0,72570.0
2019-11-21,898.23,917.0,917.06,898.23,83040.0
2019-11-22,892.31,898.93,906.93,885.83,82100.0
2019-11-25,894.8,892.31,896.43,886.81,63820.0
2019-11-26,897.5,895.36,900.72,895.36,68550.0
2019-11-27,895.06,898.58,901.1,894.8,58430.0
2019-11-28,885.7,894.45,895.42,883.16,69370.0
2019-11-29,887.47,885.9,888.41,882.68,60330.0
2019-12-02,875.1,887.47,889.47,875.1,76460.0
2019-12-03,868.68,874.9,877.96,865.74,77470.0
2019-12-04,883.56,868.79,883.56,865.31,74530.0
2019-12-05,879.32,883.33,886.36,878.39,61680.0
2019-12-06,880.43,878.28,882.59,875.99,60750.0
2019-12-09,879.94,880.39,882.58,876.01,64150.00000000001
2019-12-10,873.16,879.95,880.22,870.25,72500.0
2019-12-11,878.27,873.38,878.27,869.15,66720.0
2019-12-12,884.8,878.27,885.73,878.27,57450.0
2019-12-13,880.55,884.98,888.53,880.55,65820.0
2019-12-16,876.65,880.55,880.55,874.06,67010.0
2019-12-17,867.44,876.5,877.63,867.13,72410.0
2019-12-18,863.16,866.61,867.69,861.05,69570.0
2019-12-19,862.23,863.16,867.25,858.76,68010.0
2019-12-20,868.37,862.23,869.52,862.23,69390.0
2019-12-23,868.2,868.37,872.75,867.92,72190.0
2019-12-24,869.88,868.14,869.9,864.86,57930.0
2019-12-25,873.18,869.93,874.93,869.22,53690.0
2019-12-26,872.07,873.17,874.87,869.57,40380.0
2019-12-27,876.38,872.11,876.38,867.95,26810.0
2019-12-30,880.29,876.61,881.27,876.13,33520.0
2019-12-31,879.06,880.42,881.98,876.66,44430.0
2020-01-02,886.88,879.02,886.88,876.87,50390.0
2020-01-03,883.28,887.11,890.38,883.18,43220.0
2020-01-06,872.34,882.51,882.51,872.34,36870.0
2020-01-07,876.7,872.32,877.34,870.49,40280.0
2020-01-08,865.18,876.64,876.64,861.51,53100.0
2020-01-09,877.76,867.27,878.43,867.27,45710.0
2020-01-10,885.52,877.85,888.09,877.7,72860.0
2020-01-13,881.79,885.52,885.52,881.35,32549.999999999996
2020-01-14,884.77,881.77,886.83,880.58,50680.0
2020-01-15,885.36,884.95,886.33,882.79,35670.0
2020-01-16,891.96,885.36,892.2,883.83,63480.0
2020-01-17,894.84,891.66,897.63,891.36,48880.0
2020-01-20,897.4,894.6,897.4,891.75,39720.0
2020-01-21,906.52,897.97,907.51,897.97,57330.0
2020-01-22,909.09,906.52,909.41,903.27,51710.0
2020-01-30,875.82,908.2,908.2,870.53,80140.0
2020-01-31,848.63,875.43,876.59,848.63,83270.0
2020-02-03,842.67,848.42,848.42,803.73,91770.0
2020-02-04,845.52,842.79,849.8,833.93,73130.0
2020-02-05,845.31,845.65,854.72,840.41,63590.0
2020-02-06,862.86,845.38,862.86,842.68,97620.0
2020-02-07,863.49,862.71,865.91,858.02,72830.0
2020-02-10,852.87,863.28,863.28,848.21,46860.0
2020-02-11,856.39,853.09,859.38,853.09,70070.0
2020-02-12,863.23,856.64,870.1,856.64,80780.0
2020-02-13,864.16,862.72,864.79,858.46,58430.0
2020-02-14,865.86,865.03,868.84,863.14,74650.0
2020-02-17,866.27,865.83,867.45,862.75,58440.0
2020-02-18,861.71,866.06,866.61,858.61,60230.0
2020-02-19,863.84,860.23,865.4,859.65,52570.0
2020-02-20,871.4,864.0,872.86,864.0,59010.0
2020-02-21,868.89,871.49,877.52,868.59,66760.0
2020-02-24,837.4,867.56,867.56,837.4,95170.0
2020-02-25,849.58,836.54,849.58,827.81,69290.0
2020-02-26,841.68,849.56,849.56,837.52,54640.0
2020-02-27,848.34,841.19,849.18,836.56,55420.0
2020-02-28,831.97,844.02,844.02,823.09,69890.0
2020-03-02,835.42,831.25,837.99,827.23,69310.0
2020-03-03,837.99,835.14,846.21,835.14,64180.00000000001
2020-03-04,837.99,838.02,839.26,831.2,52990.0
2020-03-05,839.12,838.93,846.58,836.32,67020.0
2020-03-06,835.97,838.77,838.77,827.12,53910.0
2020-03-09,782.85,835.65,835.65,781.12,107130.0
2020-03-10,789.51,782.85,794.88,762.34,90060.0
2020-03-11,758.16,789.75,795.98,746.83,99250.0
2020-03-12,719.21,757.9,757.9,710.33,113240.0
2020-03-13,716.65,715.34,722.3,674.36,113470.0
2020-03-16,698.18,716.65,716.65,688.8,74030.0
2020-03-17,699.73,698.0,702.36,673.21,80440.0
2020-03-18,700.65,699.73,705.3,695.42,77440.0
2020-03-19,679.55,699.35,699.35,669.04,73190.0
2020-03-20,673.7,679.78,683.55,668.9,81170.0
2020-03-23,632.86,671.05,671.05,628.46,81060.0
2020-03-24,625.43,632.63,633.97,619.07,85900.0
2020-03-25,652.31,625.83,652.31,625.83,86270.0
2020-03-26,646.7,651.94,655.06,639.02,74100.0
2020-03-27,642.23,646.61,649.17,633.41,102650.0
2020-03-30,613.02,641.92,641.92,605.0,81040.0
2020-03-31,610.76,613.33,629.08,598.6,77470.0
2020-04-01,628.79,609.35,631.6,606.03,73250.0
2020-04-03,649.15,630.37,649.15,630.37,84130.0
2020-04-06,682.65,649.15,682.65,649.15,127160.0
2020-04-07,693.61,682.65,695.45,677.03,117080.0
2020-04-08,691.17,693.66,693.66,675.26,76670.0
2020-04-09,697.85,691.17,704.18,691.17,111270.0
2020-04-10,695.74,697.9,701.77,687.18,146870.0
2020-04-13,706.37,695.84,714.58,695.84,82300.0
2020-04-14,713.81,706.37,713.81,699.03,94920.0
2020-04-15,722.8,714.39,726.2,714.39,91990.0
2020-04-16,726.57,721.73,726.71,714.52,72700.0
2020-04-17,734.98,727.51,736.17,727.51,100570.0
2020-04-20,736.31,736.1,742.27,729.52,99010.0
2020-04-21,706.65,734.14,734.14,702.61,128949.99999999999
2020-04-22,714.42,706.54,718.62,692.03,86110.0
2020-04-23,717.49,715.62,729.99,715.62,63430.0
2020-04-24,725.05,717.49,725.52,711.14,64550.0
2020-04-27,719.66,724.76,735.28,719.66,81800.0
2020-04-28,715.74,719.45,721.73,711.84,64780.0
2020-04-29,715.33,715.74,719.18,713.62,69760.0
2020-05-04,709.35,714.9,716.05,706.47,65870.0
2020-05-05,711.01,710.22,714.59,707.49,48700.0
2020-05-06,725.94,711.34,725.94,709.77,77210.0
2020-05-07,739.98,726.17,739.98,726.17,82600.0
2020-05-08,760.15,740.14,773.22,740.14,146260.0
2020-05-11,777.13,760.86,777.13,760.66,107520.0
2020-05-12,782.45,777.35,783.77,766.7,104560.0
2020-05-13,783.69,781.85,788.06,760.2,122450.0
2020-05-14,780.73,783.69,785.1,773.62,86240.0
2020-05-15,773.95,780.73,785.26,771.25,80440.0
2020-05-18,787.27,773.95,787.27,770.61,81990.0
2020-05-19,799.31,787.53,808.17,787.53,119340.0
2020-05-20,803.32,799.28,803.35,793.75,97440.0
2020-05-21,815.55,803.57,815.55,802.49,134970.0
2020-05-22,803.14,815.51,815.51,802.82,95160.0
2020-05-25,807.25,803.35,809.12,799.23,81740.0
2020-05-26,815.01,807.55,815.96,807.55,101930.0
2020-05-27,801.36,816.04,821.36,801.36,119120.0
2020-05-28,804.06,801.38,810.43,800.16,91470.0
2020-05-29,806.23,804.0,808.83,801.46,76810.0
2020-06-01,821.47,806.44,821.47,806.44,176780.0
2020-06-02,818.7,821.89,827.11,818.12,147390.0
2020-06-03,824.29,819.02,824.54,818.33,89260.0
2020-06-04,823.77,824.3,831.49,823.51,135470.0
2020-06-05,826.47,823.46,826.47,818.33,147690.0
2020-06-08,838.52,826.79,845.63,826.79,155920.0
2020-06-09,837.02,839.19,843.58,836.13,152490.0
2020-06-10,839.11,836.8,842.21,827.6,164040.0
2020-06-11,806.87,839.11,842.76,806.64,191850.0
2020-06-12,807.76,803.11,807.76,782.7,183060.0
2020-06-15,778.71,808.58,813.59,778.71,141900.0
2020-06-16,798.82,779.8,801.42,779.8,84860.0
2020-06-17,796.43,798.82,802.06,793.2,76200.0
2020-06-18,797.08,795.84,800.03,788.72,58890.0
2020-06-19,808.28,797.21,808.28,797.03,81050.0
2020-06-22,809.97,808.58,812.99,805.24,68480.0
2020-06-23,807.61,809.53,812.24,803.96,95810.0
2020-06-24,801.62,807.9,813.47,799.35,74690.0
2020-06-25,796.51,801.29,801.29,791.38,74550.0
2020-06-26,795.53,796.7,803.88,793.08,53640.0
2020-06-29,774.81,795.11,795.11,768.99,97110.0
2020-06-30,770.53,774.84,784.44,765.62,74260.0
2020-07-01,786.82,770.23,787.38,770.02,56960.0
2020-07-02,785.59,786.82,788.88,781.45,54060.0
2020-07-03,789.87,785.81,790.3,785.81,43300.0
2020-07-06,803.46,790.08,803.76,790.08,74210.0
2020-07-07,805.68,803.61,812.48,803.61,87360.0
2020-07-08,805.06,805.67,807.09,801.57,52130.0
2020-07-09,817.08,805.12,819.45,805.12,81030.0
2020-07-10,809.02,816.76,817.67,806.67,71220.0
2020-07-13,806.17,809.03,814.35,802.5,65610.0
2020-07-14,805.37,805.21,805.92,798.21,60120.0
2020-07-15,810.16,805.38,815.09,805.38,53470.0
2020-07-16,819.83,810.16,819.83,809.41,64519.99999999999
2020-07-17,814.16,819.27,819.27,812.61,65440.0
2020-07-20,803.36,814.0,814.0,803.36,69310.0
2020-07-21,804.7,803.55,806.34,799.98,62630.0
2020-07-22,797.85,804.26,806.93,797.82,65220.0
2020-07-23,800.29,797.85,800.29,794.59,73620.0
2020-07-24,772.29,798.89,798.89,760.56,142230.0
2020-07-27,729.93,767.3,767.3,726.02,127330.0
2020-07-28,756.17,730.55,757.5,730.55,106760.0
2020-07-29,735.16,755.14,755.14,722.85,95380.0
2020-07-30,746.02,735.3,746.74,735.3,51150.0
2020-07-31,740.73,745.33,747.56,731.14,58080.0
2020-08-03,757.86,740.33,758.3,738.64,75710.0
2020-08-04,768.22,759.19,768.46,759.19,62080.0
2020-08-05,780.71,768.22,782.09,761.26,84980.0
2020-08-06,781.6,780.69,787.27,776.04,64069.99999999999
2020-08-07,782.15,781.61,785.99,778.45,68200.0
2020-08-10,784.3,782.5,791.67,782.5,79380.0
2020-08-11,784.57,784.74,788.92,781.04,60220.0
2020-08-12,788.42,784.58,790.01,784.23,71950.0
2020-08-13,795.09,789.26,795.69,789.26,62110.0
2020-08-14,791.98,795.13,801.61,789.12,85640.0
2020-08-17,791.54,791.89,793.61,782.52,57170.0
2020-08-18,786.95,791.6,792.13,784.93,41660.0
2020-08-19,789.41,787.23,791.85,786.01,51470.0
2020-08-20,786.11,789.41,793.35,783.57,65870.0
2020-08-21,793.6,786.14,795.05,786.14,78120.0
2020-08-24,809.69,793.46,810.17,793.46,102480.0
2020-08-25,815.18,809.34,818.94,809.34,107200.0
2020-08-26,812.36,815.19,816.68,811.45,89050.0
2020-08-27,814.55,812.47,814.64,810.68,72350.0
2020-08-28,821.93,814.55,828.88,814.55,102830.0
2020-08-31,823.93,822.01,831.76,820.66,82420.0
2020-09-01,832.03,823.93,832.87,821.74,78820.0
2020-09-03,843.64,832.27,844.27,832.27,104710.0
2020-09-04,840.54,843.22,843.22,833.54,103340.0
2020-09-07,824.36,840.64,843.8,824.36,98250.0
2020-09-08,827.57,824.62,829.22,819.02,81330.0
2020-09-09,824.42,827.5,828.38,816.51,82990.0
2020-09-10,825.85,824.42,832.61,824.42,67660.0
2020-09-11,825.56,825.81,827.83,821.97,64099.99999999999
2020-09-14,832.24,825.69,833.09,825.69,65500.0
2020-09-15,833.33,832.27,835.42,831.13,87510.0
2020-09-16,834.5,833.31,834.52,831.33,54110.0
2020-09-17,831.84,834.6,837.76,829.08,96610.0
2020-09-18,841.26,831.84,842.1,831.84,94170.0
2020-09-21,851.54,841.28,852.65,841.28,106120.0
2020-09-22,852.72,851.54,854.69,846.03,130389.99999999999
2020-09-23,858.3,852.88,860.34,852.88,111920.0
2020-09-24,853.21,858.14,858.89,852.29,90210.0
2020-09-25,854.71,853.19,856.79,850.1,105360.0
2020-09-28,863.31,854.84,863.98,854.84,134680.0
2020-09-29,856.2,863.59,871.99,856.2,135080.0
2020-09-30,858.54,856.2,860.1,852.54,104920.0
2020-10-01,867.58,859.27,868.3,859.27,106520.0
2020-10-02,861.51,867.58,870.8,850.61,164530.0
2020-10-05,867.7,861.51,869.09,861.51,115090.0
2020-10-06,871.37,867.74,872.39,866.12,148280.0
2020-10-07,870.85,870.98,876.31,867.06,157150.0
2020-10-08,869.82,870.88,873.13,864.55,139810.0
2020-10-09,874.53,869.8,875.52,868.36,115720.0
2020-10-12,874.9,874.72,882.84,871.58,130259.99999999999
2020-10-13,878.35,874.58,879.25,872.36,103920.0
2020-10-14,892.15,878.94,892.25,878.94,176570.0
2020-10-15,899.2,896.5,901.71,893.94,167590.0
2020-10-16,901.59,899.58,906.17,892.7,157350.0
2020-10-19,903.51,899.61,906.16,899.61,142170.0
2020-10-20,909.49,903.57,909.49,899.42,179990.0
2020-10-21,906.1,909.49,918.14,905.08,152210.0
2020-10-22,918.3,906.1,918.3,901.96,133650.0
2020-10-23,930.3,918.84,930.59,918.84,163040.0
2020-10-26,919.56,929.5,942.72,919.56,167430.0
2020-10-27,915.46,919.56,926.52,914.72,189910.0
2020-10-28,888.88,913.31,916.0,888.88,183440.0
2020-10-29,886.68,887.99,894.19,879.74,151630.0
2020-10-30,892.55,887.34,893.42,875.84,130030.0
2020-11-02,899.27,892.68,900.03,889.83,83560.0
2020-11-03,902.14,899.73,904.78,897.3,110880.0
2020-11-04,905.48,902.38,910.59,900.74,112220.0
2020-11-05,903.64,905.55,913.2,903.64,97630.0
2020-11-06,902.91,903.68,907.67,899.51,79120.0
2020-11-09,917.42,902.91,917.42,902.91,108930.0
2020-11-10,916.5,917.45,929.66,916.5,137870.0
2020-11-11,916.68,916.98,919.95,910.39,114390.0
2020-11-12,923.0,916.89,923.0,916.21,85350.0
2020-11-13,931.2,923.04,931.2,923.0,122990.0
2020-11-16,915.97,931.4,939.1,915.23,173010.0
2020-11-17,934.65,916.25,934.65,916.25,129180.0
2020-11-18,937.67,935.24,939.62,931.18,153570.0
2020-11-19,944.92,938.6,945.06,936.32,166090.0
2020-11-20,950.89,944.85,950.89,942.28,125700.0
2020-11-23,960.03,950.98,961.35,946.14,164650.0
2020-11-24,959.61,959.99,964.53,948.67,184870.0
2020-11-25,960.63,959.68,963.81,957.09,175120.0
2020-11-26,964.16,960.29,964.16,953.46,156140.0
2020-11-27,971.11,964.32,971.11,963.69,142660.0
2020-11-30,965.89,971.39,975.46,965.89,168720.0
2020-12-01,976.35,963.57,976.44,951.92,213410.0
2020-12-02,979.95,976.27,981.28,973.58,187860.0
2020-12-03,985.44,980.17,986.4,978.16,183520.0
2020-12-04,984.34,985.91,988.68,983.03,182020.0
2020-12-07,992.01,984.25,992.59,984.07,148300.0
2020-12-08,993.61,992.01,996.64,988.71,153450.0
2020-12-09,1004.03,993.61,1004.61,993.61,180900.0
2020-12-10,994.28,1004.42,1008.6,994.28,173560.0
2020-12-11,1008.65,994.34,1008.65,994.29,127660.0
2020-12-14,1024.28,1008.86,1024.28,1008.86,160380.0
2020-12-15,1013.02,1024.4,1025.34,1009.8,173340.0
2020-12-16,1029.72,1013.66,1029.72,1013.66,178530.0
2020-12-17,1016.95,1028.63,1028.63,1015.86,226640.0
2020-12-18,1036.65,1016.95,1037.98,1016.95,183610.0
2020-12-21,1049.71,1038.0,1052.85,1038.0,187660.0
2020-12-22,1052.23,1051.17,1053.81,1043.8,204620.0
2020-12-23,1045.7,1053.89,1058.91,1043.88,203330.0
2020-12-24,1033.95,1045.97,1051.56,1013.9,212710.0
2020-12-25,1052.13,1033.86,1052.16,1026.05,161860.0
2020-12-28,1054.23,1053.37,1063.09,1047.45,190250.0
2020-12-29,1058.39,1054.23,1062.61,1050.05,153420.0
2020-12-30,1059.16,1059.2,1069.5,1055.25,173020.0
2020-12-31,1070.77,1059.16,1074.02,1058.9,136030.0
2021-01-04,1091.87,1072.44,1097.61,1072.44,233730.0
2021-01-05,1104.3,1090.71,1106.29,1086.07,191640.0
2021-01-06,1113.72,1105.74,1125.63,1104.99,225230.0
2021-01-07,1130.59,1113.88,1130.59,1113.88,215400.0
2021-01-08,1147.86,1131.0,1156.38,1131.0,220090.0
2021-01-11,1163.4,1148.06,1165.99,1148.06,222790.0
2021-01-12,1169.03,1163.44,1169.38,1155.9,202520.0
2021-01-13,1164.57,1169.16,1178.44,1161.87,187360.0
2021-01-14,1168.99,1165.22,1169.97,1156.58,229620.0
2021-01-15,1182.2,1169.27,1185.46,1169.27,211720.0
2021-01-18,1173.34,1183.25,1188.53,1171.96,199290.0
2021-01-19,1107.32,1173.27,1173.61,1098.47,324710.0
2021-01-20,1116.21,1108.92,1121.97,1073.13,262600.0
2021-01-21,1151.3,1116.21,1152.9,1114.26,204600.0
2021-01-22,1156.58,1151.3,1164.45,1147.88,210390.0
2021-01-25,1154.29,1156.55,1164.7,1149.26,198480.0
2021-01-26,1125.09,1153.94,1155.32,1107.54,236710.0
2021-01-27,1083.63,1122.92,1125.25,1073.74,241010.0
2021-01-28,1010.75,1080.83,1080.83,1008.53,282130.0
2021-01-29,1048.31,1009.96,1070.05,978.85,242650.0
2021-02-01,1029.86,1048.01,1068.93,1029.21,175340.0
2021-02-02,1079.7,1029.55,1079.87,1025.18,162840.0
2021-02-03,1117.98,1080.23,1122.04,1080.23,204900.0
2021-02-04,1117.74,1117.52,1126.64,1103.11,155640.0
2021-02-05,1135.5,1117.92,1135.5,1117.92,139780.0
2021-02-08,1092.59,1135.5,1136.38,1077.4,228470.0
2021-02-09,1129.49,1092.67,1129.49,1089.85,173190.0
2021-02-17,1174.91,1130.19,1174.91,1130.19,174120.0
2021-02-18,1187.94,1174.8,1187.94,1162.48,183250.0
2021-02-19,1180.59,1186.7,1188.61,1168.18,166180.0
2021-02-22,1180.55,1180.48,1190.48,1172.71,175260.0
2021-02-23,1182.47,1180.38,1191.74,1174.18,195050.0
2021-02-24,1167.18,1182.76,1192.04,1161.13,178720.0
2021-02-25,1169.82,1168.22,1175.19,1158.06,158380.0
2021-02-26,1173.6,1169.37,1175.4,1153.41,178990.0
2021-03-01,1191.83,1173.72,1192.85,1173.72,191030.0
2021-03-02,1194.71,1192.6,1203.84,1188.01,169420.0
2021-03-03,1195.6,1194.78,1198.36,1189.14,154440.0
2021-03-04,1174.29,1195.62,1200.42,1164.63,183130.0
2021-03-05,1173.83,1174.36,1174.8,1157.45,205210.0
2021-03-08,1170.0,1175.19,1186.29,1164.78,164930.0
2021-03-09,1163.0,1169.89,1169.89,1150.18,159980.0
2021-03-10,1172.26,1163.43,1173.58,1154.29,156010.0
2021-03-11,1188.71,1172.94,1190.47,1172.94,167310.0
2021-03-12,1187.81,1188.74,1193.97,1184.64,147250.0
2021-03-15,1190.86,1187.84,1194.29,1184.32,149680.0
2021-03-16,1187.84,1191.08,1192.15,1177.05,163860.0
2021-03-17,1193.45,1188.31,1193.45,1183.83,193600.0
2021-03-18,1211.54,1193.71,1211.54,1193.71,155170.0
2021-03-19,1203.36,1211.08,1211.08,1201.17,171420.0
2021-03-22,1198.54,1204.0,1207.28,1194.79,161300.0
2021-03-23,1186.98,1198.49,1198.49,1182.22,155690.0
2021-03-24,1165.61,1186.04,1186.04,1157.69,190250.0
2021-03-25,1164.64,1165.8,1175.86,1159.25,165900.0
2021-03-26,1167.19,1164.38,1170.75,1143.08,172710.0
2021-03-29,1180.07,1167.3,1182.06,1167.3,145670.0
2021-03-30,1190.86,1180.21,1192.9,1175.9,217510.0
2021-03-31,1196.24,1190.86,1203.18,1189.47,171900.0
2021-04-01,1226.16,1196.62,1227.56,1196.39,222240.0
2021-04-02,1238.03,1226.84,1243.67,1226.84,199250.0
2021-04-05,1249.9,1240.24,1256.12,1240.24,219160.0
2021-04-06,1255.36,1248.43,1260.35,1245.16,222980.0
2021-04-07,1257.77,1255.36,1257.77,1248.15,213310.0
2021-04-08,1251.81,1257.75,1263.03,1249.45,161340.0
2021-04-09,1253.26,1251.71,1256.06,1245.26,173790.0
2021-04-12,1278.19,1254.39,1279.52,1254.39,267960.0
2021-04-13,1277.35,1278.31,1298.78,1276.74,255770.0
2021-04-14,1290.77,1277.31,1290.77,1263.89,207520.0
2021-04-15,1284.2,1291.83,1300.84,1283.98,236680.0
2021-04-16,1276.87,1283.18,1291.37,1262.52,247670.0
2021-04-19,1306.22,1277.11,1306.22,1271.52,210600.0
2021-04-20,1312.68,1308.03,1331.56,1303.68,244920.0
2021-04-22,1271.53,1312.33,1317.5,1271.53,232540.0
2021-04-23,1301.39,1271.52,1301.39,1262.89,245630.0
2021-04-26,1275.04,1301.39,1305.73,1269.78,216950.0
2021-04-27,1283.81,1274.32,1283.95,1264.57,171780.0
2021-04-28,1294.06,1283.81,1296.48,1280.54,206900.0
2021-04-29,1312.28,1294.79,1312.62,1294.79,242340.0
2021-05-04,1328.03,1312.08,1329.18,1285.9,274200.0
2021-05-05,1346.89,1328.47,1360.76,1328.47,274660.0
2021-05-06,1344.64,1346.93,1352.57,1337.28,226860.0
2021-05-07,1340.73,1344.09,1347.8,1329.51,291440.0
2021-05-10,1370.66,1339.75,1371.51,1335.39,302730.0
2021-05-11,1359.19,1370.71,1382.06,1359.19,262050.0
2021-05-12,1380.17,1358.59,1380.23,1350.8,264230.0
2021-05-13,1370.18,1379.19,1385.72,1370.18,271900.0
2021-05-14,1380.02,1370.14,1386.09,1370.14,251130.0
2021-05-17,1371.36,1381.13,1391.89,1371.22,254610.0
2021-05-18,1378.59,1371.75,1381.36,1367.85,252830.0
2021-05-19,1401.71,1378.97,1402.45,1378.43,279670.0
2021-05-20,1424.92,1402.31,1424.92,1396.23,270200.0
2021-05-21,1425.04,1424.77,1433.01,1412.78,267790.0
2021-05-24,1430.48,1425.11,1433.59,1421.17,256209.99999999997
2021-05-25,1444.01,1428.42,1445.6,1427.56,209780.0
2021-05-26,1455.11,1443.93,1456.55,1440.6,233970.0
2021-05-27,1437.38,1455.48,1457.46,1433.76,264790.0
2021-05-28,1458.78,1437.74,1460.68,1433.55,300180.0
2021-05-31,1474.78,1459.04,1475.09,1449.66,293020.0
2021-06-01,1482.92,1473.28,1496.55,1473.28,255910.0
2021-06-02,1478.85,1482.92,1488.93,1469.49,277180.0
2021-06-03,1504.37,1479.75,1506.27,1479.75,318350.0
2021-06-04,1508.35,1504.18,1509.38,1496.36,336490.0
2021-06-07,1484.1,1508.08,1508.65,1472.1,309810.0
2021-06-08,1438.97,1481.88,1493.36,1436.72,328470.0
2021-06-09,1457.76,1438.47,1465.93,1426.04,279950.0
2021-06-10,1451.18,1457.17,1464.4,1443.74,253440.0
2021-06-11,1487.61,1451.43,1489.95,1448.46,264960.0
2021-06-14,1495.51,1488.88,1504.32,1483.82,249570.0
2021-06-15,1487.04,1495.51,1498.75,1481.03,239020.0
2021-06-16,1465.58,1486.76,1487.68,1462.99,241630.0
2021-06-17,1461.91,1463.98,1469.44,1445.39,211570.0
2021-06-18,1481.3,1461.96,1484.89,1461.96,198660.0
2021-06-21,1478.29,1481.15,1486.12,1473.11,205150.0
2021-06-22,1489.24,1481.13,1498.12,1481.13,211640.0
2021-06-23,1489.53,1489.27,1502.79,1485.13,197840.0
2021-06-24,1486.96,1489.51,1497.92,1482.38,175260.0
2021-06-25,1500.3,1486.99,1500.94,1480.64,180210.0
2021-06-28,1521.41,1502.02,1523.58,1502.02,215310.0
2021-06-29,1529.97,1521.51,1536.96,1521.51,203550.0
2021-06-30,1529.0,1529.97,1540.9,1528.1,192680.0
2021-07-01,1545.14,1529.09,1545.14,1525.24,253520.0
2021-07-02,1554.59,1546.54,1558.45,1546.54,242780.0
2021-07-05,1557.41,1554.59,1560.44,1533.18,309400.0
2021-07-06,1488.42,1557.41,1565.29,1488.42,298840.0
2021-07-07,1538.77,1488.42,1538.77,1472.81,306580.0
2021-07-08,1521.21,1538.77,1538.77,1509.9,218880.0
2021-07-09,1494.43,1521.21,1526.35,1480.6,287670.0
2021-07-12,1443.1,1494.43,1495.92,1406.14,412550.0
2021-07-13,1440.87,1443.1,1457.05,1419.09,174500.0
2021-07-14,1410.3,1440.87,1446.13,1395.16,215230.0
2021-07-15,1430.29,1410.3,1441.57,1402.36,189780.0
2021-07-16,1438.05,1439.96,1446.36,1433.16,152450.0
2021-07-19,1374.15,1403.96,1413.24,1367.61,268710.0
2021-07-20,1411.02,1379.41,1411.02,1357.31,221510.0
2021-07-21,1406.54,1415.71,1422.8,1402.42,149340.0
2021-07-22,1428.48,1404.49,1432.43,1400.2,162700.0
2021-07-23,1401.53,1422.07,1430.43,1401.53,235470.0
2021-07-26,1403.96,1397.01,1409.94,1384.87,152850.0
2021-07-27,1409.85,1415.5,1423.3,1408.8,190310.0
2021-07-28,1407.5,1406.25,1415.39,1402.6,120700.0
2021-07-29,1427.55,1419.55,1427.55,1413.59,166490.0
2021-07-30,1447.23,1430.48,1451.45,1428.85,224340.0
2021-08-02,1448.21,1443.6,1457.89,1438.35,198500.0
2021-08-03,1469.87,1449.97,1469.87,1449.33,225710.0
2021-08-04,1472.2,1476.82,1480.28,1465.66,218550.0
2021-08-05,1486.46,1469.13,1488.79,1465.1,193620.0
2021-08-06,1476.79,1488.11,1491.52,1476.79,211700.0
2021-08-09,1497.83,1472.78,1499.9,1467.32,206120.0
2021-08-10,1494.41,1506.5,1508.92,1490.0,185390.0
2021-08-11,1487.91,1497.13,1506.8,1487.91,245340.0
2021-08-12,1477.06,1487.1,1493.69,1477.06,184220.0
2021-08-13,1484.25,1477.72,1484.67,1463.48,207220.0
2021-08-16,1500.77,1490.7,1504.03,1487.52,258600.00000000003
2021-08-17,1494.12,1508.41,1512.27,1488.74,217180.0
2021-08-18,1489.54,1493.12,1500.17,1484.26,192680.0
2021-08-19,1505.01,1489.74,1505.01,1479.6,206500.0
2021-08-20,1450.45,1495.67,1497.03,1436.24,348770.0
2021-08-23,1412.0,1443.67,1446.73,1412.0,250640.0
2021-08-24,1418.26,1415.71,1423.46,1406.94,203690.0
2021-08-25,1428.51,1420.74,1430.58,1411.07,153260.0
2021-08-26,1412.45,1432.37,1433.67,1408.08,152190.0
2021-08-27,1418.57,1403.99,1418.57,1391.88,202510.0
2021-08-30,1431.05,1427.48,1434.25,1420.77,154140.0
2021-08-31,1428.66,1435.52,1437.38,1425.71,152480.0
2021-09-01,1426.94,1425.35,1434.73,1423.08,176640.0
2021-09-06,1441.54,1433.03,1441.92,1429.55,208740.0
2021-09-07,1444.1,1446.0,1454.82,1441.69,205270.0
2021-09-08,1433.71,1447.43,1448.44,1431.38,152210.0
2021-09-09,1447.28,1432.84,1449.16,1431.55,166190.0
2021-09-10,1448.33,1451.78,1453.81,1447.44,139150.0
2021-09-13,1444.99,1450.0,1454.72,1444.71,162870.0
2021-09-14,1438.16,1444.24,1448.71,1436.98,148170.0
2021-09-15,1444.85,1433.17,1447.64,1432.76,130110.00000000001
2021-09-16,1448.98,1452.89,1454.23,1442.77,134630.0
2021-09-17,1455.59,1452.31,1459.94,1451.38,188920.0
2021-09-20,1458.66,1468.11,1474.66,1454.95,180840.0
2021-09-21,1446.22,1444.75,1455.71,1433.77,167220.0
2021-09-22,1453.22,1449.44,1454.19,1440.02,122880.0
2021-09-23,1458.23,1456.46,1466.0,1453.02,138290.0
2021-09-24,1459.94,1460.63,1464.12,1456.89,141120.0
2021-09-27,1439.2,1462.86,1464.5,1439.2,148690.0
2021-09-28,1451.12,1433.7,1454.79,1430.89,141160.0
2021-09-29,1450.52,1450.73,1453.66,1440.55,169810.0
2021-09-30,1453.76,1450.52,1461.94,1452.55,118790.0
2021-10-01,1441.83,1450.9,1453.24,1438.52,188810.0
2021-10-04,1443.61,1442.87,1446.78,1433.05,220200.0
2021-10-05,1456.21,1446.77,1456.37,1444.49,152940.0
2021-10-06,1461.72,1461.98,1461.98,1453.78,157610.0
2021-10-07,1462.74,1467.95,1470.64,1460.87,142850.0
2021-10-08,1476.54,1466.78,1476.54,1463.07,137770.0
2021-10-11,1510.27,1481.29,1511.21,1480.31,211040.0
2021-10-12,1509.57,1514.78,1517.21,1504.24,162660.0
2021-10-13,1505.55,1512.73,1519.11,1502.19,137280.0
2021-10-14,1503.38,1504.85,1511.14,1498.21,159950.0
2021-10-15,1504.84,1508.37,1512.61,1499.7,151730.0
2021-10-18,1510.49,1508.88,1517.7,1505.39,167730.0
2021-10-19,1507.19,1512.1,1513.83,1503.89,142510.0
2021-10-20,1505.03,1510.38,1516.74,1486.26,182020.0
2021-10-21,1489.26,1509.05,1510.2,1489.26,166370.0
2021-10-22,1488.71,1495.32,1498.25,1486.57,127280.0
2021-10-25,1476.97,1492.35,1492.35,1476.97,202650.0
2021-10-26,1482.62,1474.36,1483.65,1467.02,143690.0
2021-10-27,1516.46,1487.45,1516.46,1485.12,201350.0
2021-10-28,1529.26,1522.11,1530.77,1513.12,190780.0
2021-10-29,1532.35,1529.42,1534.51,1521.04,197580.0
2021-11-01,1516.75,1534.17,1534.88,1513.98,252420.0
2021-11-02,1521.35,1514.91,1522.9,1514.75,186410.0
2021-11-03,1530.65,1526.38,1537.59,1519.39,324560.0
2021-11-04,1528.21,1531.92,1535.9,1524.54,173100.0
2021-11-05,1531.76,1531.06,1536.47,1523.16,156550.0
2021-11-08,1535.66,1535.12,1541.83,1528.71,219020.0
2021-11-09,1527.13,1539.25,1542.75,1524.36,210510.0
2021-11-10,1523.79,1530.69,1531.7,1518.89,204460.0
2021-11-11,1514.36,1524.73,1526.72,1503.77,258430.0
2021-11-12,1527.94,1514.96,1529.47,1504.52,152560.0
2021-11-15,1528.68,1534.16,1534.44,1521.94,232160.0
2021-11-16,1517.22,1527.11,1530.32,1513.5,214950.0
2021-11-17,1519.58,1517.67,1522.5,1513.65,165540.0
2021-11-18,1503.42,1522.39,1523.19,1503.42,256829.99999999997
2021-11-19,1500.05,1507.45,1521.63,1486.59,322630.0
2021-11-22,1517.04,1503.19,1530.43,1502.25,274790.0
2021-11-23,1533.12,1518.39,1533.12,1513.23,173030.0
2021-11-24,1565.29,1534.87,1567.77,1530.61,371790.0
2021-11-25,1572.46,1573.29,1579.56,1567.67,255690.0
2021-11-26,1566.55,1576.52,1587.0,1564.39,286510.0
2021-11-29,1553.04,1541.22,1558.86,1541.22,270840.0
2021-11-30,1537.59,1567.44,1568.09,1531.82,254250.0
2021-12-01,1549.81,1536.67,1549.81,1531.2,183020.0
2021-12-02,1540.88,1553.21,1555.49,1540.88,155690.0
2021-12-03,1503.98,1550.81,1551.97,1503.98,237840.0
2021-12-06,1480.92,1507.45,1515.47,1464.91,264310.0
2021-12-07,1512.62,1493.07,1512.62,1488.13,167560.0
2021-12-08,1516.16,1515.59,1523.95,1508.69,176050.0
2021-12-09,1529.61,1509.4,1529.61,1509.4,141320.0
2021-12-10,1519.46,1528.17,1533.23,1517.59,172570.0
2021-12-13,1520.8,1523.74,1526.53,1517.98,166210.0
2021-12-14,1516.44,1518.39,1529.93,1513.14,170670.0
2021-12-15,1519.42,1516.91,1525.14,1512.05,150690.0
2021-12-16,1510.17,1526.63,1526.75,1501.41,187580.0
2021-12-17,1513.56,1513.36,1520.97,1511.19,220350.0
2021-12-20,1513.6,1519.69,1521.62,1509.54,180130.0
2021-12-21,1511.48,1512.01,1517.69,1507.89,175780.0
2021-12-22,1504.12,1514.98,1519.74,1498.96,220180.0
2021-12-23,1477.37,1504.61,1506.43,1470.94,241490.0
2021-12-24,1506.67,1484.51,1507.48,1481.37,197960.0
2021-12-27,1514.55,1515.24,1517.45,1500.31,134570.0
2021-12-28,1523.54,1518.56,1523.54,1509.58,189420.0
2021-12-29,1515.94,1525.82,1528.9,1515.94,154780.0
2021-12-30,1519.62,1515.75,1526.2,1515.75,145700.0
2021-12-31,1535.71,1523.58,1537.32,1523.41,183410.0
2022-01-04,1558.87,1536.45,1562.54,1536.45,207490.0
2022-01-05,1546.01,1559.33,1562.93,1546.01,222220.0
2022-01-06,1544.95,1542.34,1554.97,1541.19,231960.0
2022-01-07,1532.24,1548.77,1550.47,1532.24,200630.0
2022-01-10,1514.7,1531.13,1537.71,1514.7,200030.0
2022-01-11,1499.74,1516.74,1519.84,1497.78,187020.0
2022-01-12,1530.04,1498.63,1530.04,1484.93,282090.0
2022-01-13,1526.43,1533.38,1548.49,1524.66,308820.0
2022-01-14,1523.57,1523.96,1530.2,1513.17,135950.0
2022-01-17,1478.61,1523.17,1529.28,1478.61,290140.0
2022-01-18,1477.06,1473.04,1489.13,1464.41,214020.0
2022-01-19,1482.55,1479.74,1491.0,1475.06,142260.0
2022-01-20,1492.81,1479.81,1499.47,1474.67,163720.0
2022-01-21,1502.16,1497.61,1508.65,1492.21,218980.0
2022-01-24,1471.31,1496.36,1499.22,1465.76,243480.0
2022-01-25,1516.16,1471.56,1516.16,1466.07,191550.0
2022-01-26,1525.31,1519.9,1533.61,1516.96,236860.0
2022-01-27,1516.57,1520.82,1528.81,1507.26,158580.0
2022-01-28,1532.24,1516.4,1535.57,1515.85,194570.0
2022-02-07,1541.25,1548.38,1555.01,1541.25,182870.0
2022-02-08,1550.46,1539.49,1555.01,1537.16,218960.0
2022-02-09,1552.44,1554.59,1570.32,1552.44,230550.0
2022-02-10,1548.95,1554.98,1557.89,1536.02,225000.0
2022-02-11,1545.92,1544.76,1549.37,1540.5,167680.0
2022-02-14,1505.07,1530.5,1536.77,1505.07,254060.0
2022-02-15,1527.36,1508.25,1530.04,1506.69,180950.0
2022-02-16,1521.47,1534.39,1534.5,1517.52,122060.0
2022-02-17,1540.51,1521.37,1540.51,1521.37,146570.0
2022-02-18,1531.47,1525.21,1533.53,1523.88,155110.0
2022-02-21,1533.4,1530.65,1537.56,1522.48,163180.0
2022-02-22,1532.36,1532.07,1532.36,1510.07,223630.0
2022-02-23,1538.83,1536.6,1547.19,1534.19,158140.0
2022-02-24,1522.04,1537.5,1540.13,1503.22,275310.0
2022-02-25,1526.5,1531.97,1540.13,1526.5,198110.0
2022-02-28,1517.18,1525.58,1533.32,1512.45,193570.0
2022-03-01,1520.12,1521.44,1525.0,1515.49,187030.0
2022-03-02,1498.61,1516.31,1517.49,1495.16,291450.0
2022-03-03,1522.49,1507.53,1522.49,1502.41,244080.0
2022-03-04,1525.34,1525.23,1529.93,1519.97,220070.0
2022-03-07,1509.12,1514.76,1518.32,1505.79,222540.0
2022-03-08,1490.17,1500.07,1506.65,1486.68,222310.0
2022-03-09,1489.25,1493.96,1497.75,1485.15,190160.0
2022-03-10,1490.24,1491.9,1505.5,1490.24,148750.0
2022-03-11,1477.14,1487.92,1490.83,1469.22,178190.0
2022-03-14,1461.1,1471.44,1473.98,1454.34,177210.0
2022-03-15,1468.89,1461.4,1469.52,1455.16,136420.0
2022-03-16,1472.69,1475.17,1478.42,1467.95,106840.0
2022-03-17,1469.92,1480.32,1480.86,1469.92,109380.0
2022-03-18,1476.94,1474.02,1482.96,1474.02,148420.0
2022-03-21,1502.67,1480.29,1502.67,1480.29,124700.0
2022-03-22,1513.4,1507.38,1516.7,1506.1,155230.0
2022-03-23,1505.59,1514.61,1519.58,1505.59,132330.0
2022-03-24,1497.44,1506.49,1506.79,1496.96,115640.0
2022-03-25,1498.36,1499.34,1503.18,1494.28,109440.0
2022-03-28,1484.16,1493.12,1497.06,1477.72,177240.0
2022-03-29,1500.57,1484.95,1501.05,1484.95,110330.0
2022-03-30,1500.23,1497.98,1513.91,1496.59,163900.0
2022-03-31,1508.53,1502.38,1512.47,1500.67,121690.0
2022-04-01,1542.47,1509.01,1542.47,1506.11,195610.0
2022-04-04,1548.04,1558.21,1558.98,1546.46,160180.0
2022-04-05,1539.2,1544.34,1549.77,1539.2,125170.0
2022-04-06,1557.11,1534.23,1558.41,1529.23,203570.0
2022-04-07,1541.96,1561.14,1566.09,1541.96,198970.0
2022-04-08,1524.31,1541.78,1547.6,1524.31,156340.0
2022-04-12,1507.2,1530.3,1532.03,1506.41,152480.0
2022-04-13,1525.39,1512.37,1526.44,1506.45,143870.0
2022-04-14,1518.01,1526.49,1534.28,1517.07,119610.0
2022-04-15,1493.74,1514.89,1518.85,1491.26,181770.0
2022-04-18,1468.25,1493.17,1493.24,1466.73,194440.0
2022-04-19,1440.61,1471.63,1478.5,1440.61,156620.0
2022-04-20,1435.5,1440.9,1453.81,1434.87,150220.0
2022-04-21,1426.87,1434.77,1452.41,1422.7,172360.0
2022-04-22,1444.32,1439.32,1455.15,1419.05,150760.0
2022-04-25,1366.39,1444.79,1445.62,1356.36,202430.0
2022-04-26,1396.9,1347.83,1397.43,1318.5,181780.0
2022-04-27,1402.03,1394.85,1407.7,1362.87,108120.0
2022-04-28,1400.88,1400.6,1407.82,1392.24,91680.0
2022-04-29,1417.31,1400.88,1417.31,1394.17,128039.99999999999
2022-05-04,1389.59,1415.43,1415.45,1389.59,114190.0
2022-05-05,1404.88,1402.6,1405.43,1373.42,122130.0
2022-05-06,1373.21,1399.54,1399.54,1371.0,129910.0
2022-05-09,1314.04,1358.56,1360.64,1308.34,200880.0
2022-05-10,1345.46,1312.1,1345.46,1285.67,157230.0
2022-05-11,1349.82,1344.14,1355.11,1324.2,94770.0
2022-05-12,1279.76,1337.01,1339.25,1279.48,163220.0
2022-05-13,1223.76,1281.28,1284.94,1219.52,237560.0
2022-05-16,1215.08,1254.88,1258.25,1214.29,172770.0
2022-05-17,1279.55,1211.88,1279.55,1203.51,161820.0
2022-05-18,1286.41,1289.5,1298.69,1268.13,159940.0
2022-05-19,1283.55,1259.59,1291.49,1255.63,130080.00000000001
2022-05-20,1282.51,1284.89,1296.0,1273.4,110100.0
2022-05-23,1255.35,1287.49,1287.65,1245.41,139330.0
2022-05-24,1272.71,1255.77,1272.71,1242.36,146370.0
2022-05-25,1310.7,1277.54,1311.32,1273.29,172700.0
2022-05-26,1309.5,1312.56,1319.21,1304.59,127930.0
2022-05-27,1335.68,1311.78,1336.99,1310.64,139410.0
2022-05-30,1342.87,1337.39,1342.87,1329.38,121530.0
2022-05-31,1332.59,1342.08,1342.08,1324.46,127920.0
2022-06-01,1335.49,1329.02,1341.47,1323.07,127580.0
2022-06-02,1325.49,1339.12,1342.47,1319.85,133900.0
2022-06-03,1327.4,1325.49,1329.9,1313.4,100180.0
2022-06-06,1327.04,1328.73,1336.96,1320.97,132830.0
2022-06-07,1324.37,1323.19,1324.37,1297.98,153980.0
2022-06-08,1342.03,1328.95,1348.4,1325.65,163070.0
2022-06-09,1342.92,1344.56,1346.13,1335.28,126600.0
2022-06-10,1325.69,1332.93,1344.85,1325.69,136590.0
2022-06-13,1260.85,1295.26,1300.45,1260.85,199020.0
2022-06-14,1261.16,1247.39,1271.28,1245.26,145640.0
2022-06-15,1253.09,1263.96,1268.33,1231.12,167430.0
2022-06-16,1280.37,1266.87,1292.02,1263.56,156460.0
2022-06-17,1258.03,1254.05,1259.39,1229.74,187300.0
2022-06-20,1225.56,1258.3,1262.83,1223.03,168770.0
2022-06-21,1224.54,1220.76,1240.8,1212.69,172800.0
2022-06-22,1227.18,1233.28,1242.06,1222.86,142700.0
2022-06-23,1240.58,1227.18,1240.58,1219.08,105240.0
2022-06-24,1235.47,1239.54,1246.22,1234.72,90440.0
2022-06-27,1256.67,1238.23,1256.67,1237.79,110600.0
2022-06-28,1273.41,1254.35,1276.21,1249.57,151570.0
2022-06-29,1273.4,1259.83,1274.73,1259.41,113300.0
2022-06-30,1248.92,1273.99,1276.23,1248.92,118010.0
2022-07-01,1252.24,1247.7,1255.67,1225.64,118890.0
2022-07-04,1248.37,1256.2,1260.72,1244.5,112840.0
2022-07-05,1242.05,1252.48,1256.47,1239.8,162030.0
2022-07-06,1211.94,1241.19,1241.19,1211.94,131180.0
2022-07-07,1229.23,1212.36,1229.23,1209.97,98640.0
2022-07-08,1231.54,1235.65,1236.85,1225.04,115990.0
2022-07-11,1209.02,1224.2,1224.2,1200.15,131000.0
2022-07-12,1219.44,1208.06,1219.44,1204.84,88680.0
2022-07-13,1216.94,1216.83,1225.85,1213.41,117180.0
2022-07-14,1221.94,1213.73,1224.01,1211.14,106760.0
2022-07-15,1220.14,1224.15,1228.48,1217.21,147670.0
2022-07-18,1214.28,1225.4,1225.69,1213.28,104040.0
2022-07-19,1211.7,1213.55,1213.64,1204.61,100590.0
2022-07-20,1225.62,1220.25,1229.62,1217.45,123380.0
2022-07-21,1235.25,1227.31,1240.91,1226.88,127720.0
2022-07-22,1228.84,1238.46,1241.65,1228.84,106140.0
2022-07-25,1222.6,1228.11,1231.84,1219.61,94340.0
2022-07-26,1218.49,1221.43,1227.1,1218.11,93440.0
2022-07-27,1219.43,1218.13,1219.43,1211.42,95580.0
2022-07-28,1236.14,1228.73,1240.65,1226.95,180060.0
2022-07-29,1232.0,1243.17,1243.17,1232.0,142290.0
2022-08-01,1256.25,1233.85,1256.25,1233.64,175840.0
2022-08-02,1265.97,1256.32,1266.14,1248.97,172180.0
2022-08-03,1269.83,1259.26,1271.39,1256.39,184350.0
2022-08-04,1277.73,1273.71,1281.46,1270.66,164090.0
2022-08-05,1272.06,1274.48,1276.19,1265.93,172670.0
2022-08-08,1276.7,1270.27,1280.13,1270.13,141950.0
2022-08-09,1281.44,1281.38,1285.52,1275.12,161800.0
2022-08-10,1277.15,1279.58,1283.06,1276.07,117050.0
2022-08-11,1272.33,1282.09,1289.29,1267.04,175280.0
2022-08-12,1280.96,1271.39,1280.96,1267.14,113930.0
2022-08-15,1293.79,1287.13,1294.11,1285.02,149050.0
2022-08-16,1295.1,1293.72,1297.38,1290.52,155260.0
2022-08-17,1300.4,1297.25,1304.49,1296.58,146610.0
2022-08-18,1299.93,1299.09,1311.73,1295.54,162050.0
2022-08-19,1294.93,1297.97,1303.73,1289.57,154230.0
2022-08-22,1285.45,1294.78,1295.69,1281.96,128870.0
2022-08-23,1292.0,1276.09,1292.0,1275.57,130490.00000000001
2022-08-24,1296.41,1295.07,1300.4,1291.96,113650.0
2022-08-25,1311.55,1299.26,1311.55,1299.26,127470.0
2022-08-26,1306.81,1314.73,1320.16,1304.68,152920.0
2022-08-29,1293.25,1296.03,1296.03,1275.4,174330.0
2022-08-30,1298.14,1293.41,1307.12,1293.41,112860.0
2022-08-31,1301.44,1295.71,1306.45,1294.34,103560.0
2022-09-05,1298.15,1300.5,1305.62,1294.44,110010.0
2022-09-06,1299.06,1298.74,1305.9,1296.58,121910.0
2022-09-07,1268.95,1297.31,1298.17,1268.95,187240.0
2022-09-08,1265.57,1277.63,1279.34,1265.57,124240.0
2022-09-09,1275.64,1273.37,1275.64,1259.35,161750.0
2022-09-12,1275.6,1281.62,1285.17,1275.45,100040.0
2022-09-13,1272.48,1277.48,1279.55,1271.22,94070.0
2022-09-14,1260.88,1254.44,1262.8,1250.98,142290.0
2022-09-15,1262.82,1267.24,1269.54,1260.51,101060.0
2022-09-16,1252.78,1259.9,1263.97,1248.13,155330.0
2022-09-19,1229.88,1251.43,1253.45,1225.18,152500.0
2022-09-20,1241.07,1235.93,1241.07,1224.96,94430.0
2022-09-21,1228.2,1235.84,1236.05,1223.02,76490.0
2022-09-22,1228.94,1217.63,1229.26,1210.65,98660.0
2022-09-23,1215.41,1227.34,1230.72,1213.74,88490.0
2022-09-26,1187.22,1199.39,1201.89,1172.37,175240.0
2022-09-27,1182.46,1190.46,1193.79,1181.43,85340.0
2022-09-28,1160.66,1173.82,1177.58,1160.66,92270.0
2022-09-29,1147.44,1166.59,1177.21,1147.44,88050.0
2022-09-30,1152.01,1140.18,1158.2,1128.57,154780.0
2022-10-03,1102.0,1141.87,1144.95,1094.49,159890.0
2022-10-04,1097.72,1113.8,1117.87,1088.41,147870.0
2022-10-05,1117.38,1114.6,1128.94,1112.26,114400.0
2022-10-06,1081.36,1117.7,1119.76,1079.75,141260.0
2022-10-07,1039.54,1064.72,1067.03,1027.64,261709.99999999997
2022-10-10,1038.93,1025.48,1052.24,1011.44,178310.0
2022-10-11,1001.68,1031.12,1031.12,987.27,200930.0
2022-10-12,1034.93,1004.53,1039.33,999.0,150970.0
2022-10-13,1051.24,1034.2,1051.24,1020.97,127130.0
2022-10-14,1061.39,1068.63,1070.3,1054.82,148450.0
2022-10-17,1047.2,1051.23,1051.42,1028.34,117600.0
2022-10-18,1059.06,1061.06,1068.9,1051.85,120840.0
2022-10-19,1053.65,1061.12,1062.27,1044.69,102620.0
2022-10-20,1053.26,1049.96,1060.79,1041.08,113710.0
2022-10-21,1010.57,1055.34,1055.34,1002.09,193760.0
2022-10-24,973.88,1011.54,1013.24,961.79,170990.0
2022-10-25,991.52,971.29,1006.69,950.19,183290.0
2022-10-26,990.41,995.73,999.59,979.4,77220.0
2022-10-27,1028.5,992.95,1028.5,986.54,159810.0
2022-10-28,1029.49,1036.94,1046.04,1024.74,147690.0
2022-10-31,1026.84,1027.57,1031.66,999.47,188840.0
2022-11-01,1038.09,1028.23,1049.77,1028.23,243890.0
2022-11-02,1025.18,1037.47,1039.42,1020.48,167910.0
2022-11-03,1023.8,1012.9,1029.53,1010.57,120450.0
2022-11-04,997.92,1006.52,1009.0,971.72,256470.00000000003
2022-11-07,972.85,992.4,999.43,968.84,179100.0
2022-11-08,980.09,957.88,981.51,950.81,185770.0
2022-11-09,979.68,980.92,993.28,969.19,166480.0
2022-11-10,936.8,969.79,969.79,925.02,252590.0
2022-11-11,948.86,946.68,963.55,941.84,213490.0
2022-11-14,936.31,945.97,945.97,913.5,211970.0
2022-11-15,904.77,923.2,927.37,893.49,218100.0
2022-11-16,940.29,878.24,942.56,863.31,249950.0
2022-11-17,971.04,941.77,975.42,941.77,184690.0
2022-11-18,971.2,967.82,977.19,941.18,264090.0
2022-11-21,956.89,970.64,972.15,951.62,132090.0
2022-11-22,945.54,956.31,985.18,941.85,368680.0
2022-11-23,938.73,939.08,951.86,933.26,154600.0
2022-11-24,940.76,932.69,941.69,925.55,136320.0
2022-11-25,967.49,948.66,967.49,947.56,170890.0
2022-11-28,1004.34,974.42,1006.06,974.23,398080.0
2022-11-29,1029.04,1007.58,1029.04,995.12,366390.0
2022-11-30,1049.21,1034.78,1049.21,1018.59,264700.0
2022-12-01,1042.64,1059.8,1073.32,1040.95,434440.0
2022-12-02,1092.99,1038.11,1092.99,1037.08,331170.0
2022-12-05,1110.94,1094.39,1120.56,1094.39,375070.0
2022-12-06,1054.06,1109.5,1109.5,1054.06,405650.0
2022-12-07,1047.58,1051.55,1064.73,1037.15,242090.0
2022-12-08,1062.73,1061.99,1093.64,1055.63,304560.0
2022-12-09,1065.08,1069.38,1076.67,1051.62,236860.0
2022-12-12,1037.42,1071.27,1073.44,1037.42,219920.0
2022-12-13,1056.43,1038.63,1056.43,1028.37,241920.0
2022-12-14,1056.17,1056.76,1071.02,1052.25,192530.0
2022-12-15,1068.08,1055.8,1076.03,1055.49,248620.0
2022-12-16,1064.07,1061.58,1077.27,1058.88,249610.0
2022-12-19,1050.22,1063.72,1081.55,1050.22,258390.0
2022-12-20,1029.79,1048.17,1049.39,1015.66,283480.0
2022-12-21,1033.1,1041.05,1041.65,1011.9,212810.0
2022-12-22,1038.34,1033.72,1048.84,1031.29,188500.0
2022-12-23,1034.13,1037.91,1041.37,1022.51,129850.0
2022-12-26,987.77,1032.42,1033.17,987.77,175230.0
2022-12-27,1007.36,988.87,1015.01,985.67,153660.0
2022-12-28,1013.95,1009.19,1023.24,997.12,123260.0
2022-12-29,1008.3,1013.95,1022.15,1008.3,121030.0
2022-12-30,1005.19,1016.71,1017.45,1005.19,95620.0
2023-01-03,1047.25,1010.52,1047.25,1010.03,159600.0
2023-01-04,1050.15,1051.66,1059.01,1046.61,172220.0
2023-01-05,1061.9,1052.32,1065.99,1051.6,164270.0
2023-01-06,1057.4,1060.14,1075.33,1053.29,192690.0
2023-01-09,1061.14,1065.24,1068.77,1056.64,126310.0
2023-01-10,1060.53,1062.22,1066.08,1052.09,126760.0
2023-01-11,1065.22,1065.69,1076.22,1063.96,161510.0
2023-01-12,1066.24,1068.47,1072.81,1059.52,113840.0
2023-01-13,1069.86,1071.91,1077.45,1063.68,149050.0
2023-01-16,1075.71,1072.44,1076.97,1066.78,126800.0
2023-01-17,1103.73,1077.48,1103.73,1077.48,207940.0
2023-01-18,1115.72,1106.89,1117.23,1104.98,152880.0
2023-01-19,1121.92,1110.5,1126.12,1108.96,198680.0
2023-01-27,1130.65,1128.45,1142.08,1125.12,166000.0
2023-01-30,1113.95,1132.45,1132.97,1113.95,199040.0
2023-01-31,1125.07,1112.6,1125.07,1098.65,197900.0
2023-02-01,1088.09,1128.13,1130.2,1088.09,285540.0
2023-02-02,1093.48,1093.55,1099.39,1082.97,164040.0
2023-02-03,1085.7,1094.14,1095.87,1081.05,184370.0
2023-02-06,1094.37,1078.72,1094.45,1073.44,144680.0
2023-02-07,1069.5,1094.51,1096.93,1068.71,192820.0
2023-02-08,1073.38,1072.08,1082.89,1064.93,154790.0
2023-02-09,1059.91,1070.32,1076.48,1059.91,137750.0
2023-02-10,1048.74,1060.91,1064.53,1048.13,112860.0
2023-02-13,1040.4,1044.49,1045.6,1024.98,156780.0
2023-02-14,1034.93,1040.85,1042.96,1030.51,110770.0
2023-02-15,1043.34,1032.58,1048.85,1028.11,180540.0
2023-02-16,1055.26,1047.66,1055.26,1040.01,122230.0
2023-02-17,1053.72,1055.29,1057.59,1047.13,121130.0
2023-02-20,1087.36,1052.38,1087.36,1052.36,190180.0
2023-02-21,1080.9,1089.77,1096.35,1080.12,162730.0
2023-02-22,1051.08,1078.98,1078.98,1051.08,185390.0
2023-02-23,1050.95,1050.07,1050.95,1026.92,171910.0
2023-02-24,1030.42,1048.22,1048.27,1027.16,95830.0
2023-02-27,1011.46,1028.67,1028.67,1006.32,135200.0
2023-02-28,1014.96,1018.66,1026.65,1009.18,89490.0
2023-03-01,1034.43,1013.83,1034.43,1001.05,116920.0
2023-03-02,1028.73,1032.84,1037.73,1025.13,89260.0
2023-03-03,1013.35,1029.59,1033.71,1011.61,87580.0
2023-03-06,1014.26,1022.57,1034.56,1014.26,116860.0
2023-03-07,1027.16,1025.78,1037.97,1024.02,144460.0
2023-03-08,1040.59,1017.35,1040.59,1017.35,141320.0
2023-03-09,1050.28,1042.11,1056.56,1041.49,184270.0
2023-03-10,1047.2,1044.51,1049.45,1039.59,128919.99999999999
2023-03-13,1050.07,1042.6,1053.64,1041.25,194880.0
2023-03-14,1037.35,1047.47,1049.35,1032.51,168370.0
2023-03-15,1063.82,1040.63,1064.65,1040.63,180270.0
